source,target
214,427
214,428
214,429
214,430
214,431
214,432
214,433
214,434
214,435
214,436
215,437
215,438
215,439
215,440
215,441
215,442
215,443
215,444
215,445
215,446
215,447
215,448
215,449
216,450
216,451
216,452
216,453
216,454
217,455
217,456
217,457
217,458
217,459
217,460
217,461
217,462
217,463
217,464
217,465
217,466
217,467
217,468
217,469
217,470
217,471
217,472
217,473
217,474
217,475
217,476
217,477
217,478
217,479
217,480
217,481
217,482
217,483
217,484
217,485
217,486
217,487
217,488
217,489
217,490
217,491
217,492
217,493
217,494
217,495
217,496
217,497
218,498
218,499
218,500
218,501
218,502
218,503
218,504
218,505
218,506
218,507
218,508
218,509
218,510
218,511
218,512
218,513
218,514
218,451
218,515
218,516
218,517
218,518
218,519
218,520
218,521
218,522
218,523
218,524
218,525
218,526
218,527
218,528
218,529
218,530
218,531
218,532
218,533
218,534
218,535
218,536
218,537
218,538
218,539
218,540
218,264
218,541
218,542
218,543
218,544
218,545
218,546
218,547
218,548
218,549
218,550
218,551
218,552
218,553
218,554
218,555
218,556
218,557
218,558
218,559
218,560
218,561
218,562
219,563
219,564
219,565
219,566
219,567
219,568
219,569
219,570
219,571
219,572
219,573
219,574
219,575
219,576
219,577
219,578
219,579
219,580
219,581
219,582
219,583
219,584
219,585
219,586
219,587
219,588
219,589
219,590
219,591
219,592
219,593
219,594
219,278
219,595
219,596
219,597
219,598
219,599
219,600
219,601
219,602
219,603
219,604
219,605
219,606
219,607
219,608
219,609
219,610
219,611
219,612
219,613
219,614
219,615
219,616
219,617
219,618
219,619
219,620
219,621
219,622
219,623
219,624
219,625
219,626
219,627
219,628
219,629
220,630
220,631
220,632
220,633
220,634
220,635
220,636
220,637
221,638
221,639
221,640
221,641
221,642
221,643
221,644
221,645
221,646
221,647
221,648
221,649
221,650
221,651
221,652
221,653
221,654
221,655
221,656
221,429
222,657
222,658
222,659
222,660
222,661
222,662
222,663
222,664
223,665
223,666
223,667
223,668
223,669
223,670
223,671
223,672
223,673
223,674
223,675
223,676
223,677
223,678
223,679
223,680
223,681
223,682
223,683
223,684
224,685
224,686
224,687
224,561
224,688
224,689
224,690
224,691
224,692
224,693
224,694
224,695
224,696
224,697
224,698
224,699
224,700
224,701
224,702
224,703
224,704
224,705
224,706
224,707
224,708
224,709
224,710
224,711
224,712
224,713
224,714
224,715
224,716
224,717
224,718
224,719
224,720
224,721
224,722
224,723
224,724
224,725
224,726
224,727
224,728
224,729
224,730
224,731
224,732
224,733
224,734
224,735
224,736
224,737
224,738
224,739
224,740
224,741
224,742
224,743
225,744
225,745
225,746
225,747
225,748
225,749
225,750
225,751
225,247
225,752
225,753
225,754
225,755
225,756
225,757
225,758
225,759
225,760
225,761
225,762
225,763
225,764
225,765
225,766
225,767
225,768
225,769
225,770
225,771
225,772
225,773
225,774
225,775
225,776
225,777
225,778
225,779
225,780
225,781
225,782
225,783
225,784
225,785
225,786
225,787
225,788
225,789
225,790
225,791
225,792
225,793
225,794
225,795
225,796
225,639
225,797
225,798
225,799
225,800
225,801
225,802
225,803
225,804
225,805
225,806
225,807
225,808
225,809
225,810
225,811
225,812
225,602
225,813
225,814
225,815
225,816
225,817
225,818
225,819
225,646
225,820
225,821
225,822
225,823
225,824
225,825
225,826
225,827
225,828
225,829
225,830
225,831
225,643
225,832
225,604
225,833
225,834
225,835
225,836
225,837
225,838
225,839
226,840
226,841
226,451
226,842
226,843
226,844
226,845
226,846
226,847
226,848
226,849
226,850
226,851
226,743
226,852
226,853
226,854
226,855
226,856
226,857
226,858
226,859
226,860
226,861
226,862
226,553
226,863
226,864
226,865
226,263
227,866
227,867
227,868
227,869
227,870
227,871
227,872
227,873
227,874
228,875
228,545
228,876
228,877
228,878
228,879
228,880
228,881
228,285
228,882
228,883
228,884
228,885
228,886
228,887
228,888
228,889
228,890
228,891
228,892
228,893
228,894
228,895
228,896
228,897
228,898
228,899
228,900
228,901
228,902
228,903
228,904
228,905
228,906
228,907
228,908
228,909
228,910
228,911
228,912
228,913
228,914
228,915
228,916
228,917
228,918
228,919
228,920
228,921
228,922
228,923
229,924
229,925
229,926
229,927
229,928
229,929
229,930
229,931
229,932
229,933
230,934
230,927
230,935
230,936
230,937
230,938
230,939
230,940
230,941
230,643
230,942
230,943
230,529
230,944
230,945
230,946
230,947
230,948
230,949
230,950
230,951
230,952
230,953
230,954
230,955
230,956
230,957
231,958
231,959
231,960
231,961
231,962
231,963
231,964
231,965
231,966
231,967
231,968
231,969
231,970
231,971
231,859
231,972
231,973
231,974
231,518
231,975
231,976
231,977
231,978
231,979
231,980
231,981
231,982
231,983
231,984
231,985
231,986
231,987
231,988
231,519
231,989
231,990
231,991
231,992
231,993
231,994
231,995
231,996
231,997
231,998
231,999
231,1000
231,1001
231,1002
231,1003
231,1004
231,1005
231,1006
231,1007
231,1008
231,1009
231,1010
231,1011
231,1012
231,1013
231,1014
231,1015
231,1016
231,1017
231,1018
231,1019
231,1020
231,1021
231,1022
231,1023
231,1024
231,1025
231,1026
231,1027
231,1028
231,1029
231,1030
231,1031
231,1032
231,1033
231,1034
231,1035
231,1036
231,839
231,1037
231,1038
231,1039
231,1040
231,1041
231,1042
231,1043
231,1044
231,1045
231,1046
231,1047
231,303
231,1048
231,1049
231,1050
231,1051
231,1052
231,1053
231,1054
231,1055
231,1056
231,1057
231,1058
231,1059
231,1060
231,1061
231,1062
231,1063
231,1064
231,1065
231,1066
231,1067
231,1068
231,1069
231,1070
231,1071
231,1072
231,1073
231,1074
231,1075
231,1076
231,1077
231,1078
232,1079
232,1080
232,659
232,660
232,1081
232,1082
232,1083
232,662
232,1084
232,1085
232,1086
232,1087
233,1088
233,1089
233,1090
233,1091
233,1092
233,1093
233,1094
233,1095
233,1096
233,1097
233,1098
233,1099
233,1100
233,1101
233,1102
233,1103
233,1104
233,1105
233,1106
233,237
233,1107
233,1108
233,1109
233,1110
233,690
233,1111
233,1112
233,1113
233,672
233,1114
233,1115
233,1116
233,1117
233,1118
233,1119
233,1120
233,1121
233,1122
233,529
233,1123
233,1124
233,1125
233,1126
233,1127
233,1128
233,1129
233,1130
233,1131
233,1132
233,1133
233,1134
233,1135
233,1136
233,1137
233,1138
233,1139
233,1140
233,1141
233,1142
233,1143
233,538
233,1144
233,1145
233,1146
233,1147
233,1148
233,1149
233,1150
233,1151
233,1152
233,1153
233,1154
233,1155
233,1156
233,1157
233,1158
233,1159
233,1160
233,1161
233,1162
233,1163
233,1164
233,1165
233,1166
234,1167
234,1168
234,1169
234,1170
234,1171
234,1172
234,1173
234,1174
234,1175
234,672
234,529
234,1176
234,1177
234,1178
234,1179
234,1138
234,1180
234,1181
234,1182
234,1183
234,1184
234,1185
234,1186
234,1187
234,1188
234,1189
234,1190
234,1191
234,1192
234,1193
234,1194
234,1195
234,1196
234,1197
234,1198
234,1199
234,1200
234,1201
234,1202
234,1203
234,1204
234,1205
234,1206
234,1207
234,1208
234,1209
234,1210
234,1211
234,1212
234,1213
234,1214
234,1136
234,1215
234,1216
234,1217
234,1218
234,1219
234,1220
234,1221
234,1222
234,1223
234,1224
234,1225
234,1226
234,1227
234,1228
234,1229
234,1230
234,1231
234,1232
234,1233
234,1234
234,1235
234,1236
234,1237
234,1238
234,1239
234,1240
234,1241
234,1242
234,1243
234,1244
234,1245
234,1246
234,1247
234,1248
234,1249
234,1250
234,1251
234,1252
234,1253
234,1254
234,1255
234,1256
234,1257
234,1258
234,1259
234,1260
234,695
234,1261
234,1262
234,675
234,1263
234,1264
234,674
234,1265
234,1266
234,1267
234,1268
234,1269
234,1270
234,1271
234,1272
234,1273
234,1274
234,1275
234,676
234,1276
234,1277
234,1278
234,1279
234,1280
234,1281
234,1282
234,1283
234,979
234,1284
234,1285
234,660
234,1286
234,1152
234,1287
234,1288
234,1289
234,1290
234,1291
234,1292
234,1293
234,1294
234,1295
234,1296
235,1297
235,1298
235,970
235,1299
235,1300
235,342
235,1301
235,1302
235,734
235,1303
235,1304
235,265
235,690
235,1305
235,1306
235,1307
235,1308
235,1309
235,1310
235,1311
235,1312
235,1313
235,1314
235,1315
235,1316
235,1317
235,1318
235,1319
235,1320
235,1321
235,1322
235,1323
235,250
235,1324
235,1325
235,1326
235,1327
235,1328
235,1329
235,1330
235,1331
235,1332
235,1000
235,1333
235,529
235,1334
235,845
235,1335
235,1336
235,1337
236,1338
236,1339
236,1340
236,1341
236,1342
236,1343
236,1344
236,1345
236,1346
236,1347
236,1348
236,1349
236,1350
236,1351
236,1352
236,1353
236,1354
236,1355
236,1356
236,1357
236,1358
236,1359
236,1360
236,1361
236,1362
236,1363
237,1364
237,1365
237,1366
237,1367
237,841
237,1368
237,1369
237,1370
237,1371
237,1372
237,1373
237,707
237,1374
237,1375
237,1376
237,1377
237,1378
237,1379
237,1380
237,1381
237,1382
237,1383
237,1384
237,1385
237,1386
237,1387
237,1388
237,1389
237,1390
237,1391
237,1392
237,1393
238,1394
238,1251
238,1395
238,1396
238,451
238,1397
238,1398
238,1399
238,1400
238,1401
238,847
238,1402
238,1403
238,1404
238,1405
238,1406
238,1216
238,1407
238,1408
238,1409
238,1410
238,1250
238,1411
238,1412
238,1413
238,1414
238,1415
238,1416
238,1417
238,1418
238,1419
238,1420
239,1421
239,1422
239,1423
239,1424
239,1425
239,1426
239,1427
239,1428
239,1429
239,1430
239,1431
239,1432
239,1433
239,1434
240,1435
241,1436
241,1437
241,1438
241,1439
241,1440
241,1441
241,659
241,1442
241,1443
241,1444
241,1445
241,1446
241,1447
241,1448
241,1449
241,1450
241,1451
241,1452
241,1453
241,1454
241,1455
241,1456
241,1457
241,1458
241,1459
241,1460
241,1461
241,1462
241,1463
241,1464
241,1465
241,1466
241,1467
241,1468
241,1469
241,1470
241,1471
241,1472
241,1473
241,1474
241,1475
241,1476
241,1477
241,1478
241,1479
241,1480
241,1481
241,1482
241,1483
241,1484
241,1485
241,1486
241,1487
241,1488
241,1489
241,1490
241,1491
241,1492
242,1493
242,1494
242,1495
242,1496
242,1497
242,529
242,672
242,1498
242,1499
242,1500
242,1501
242,1502
242,1503
242,1504
242,352
242,1505
242,1138
242,1506
242,1116
242,246
242,1507
242,1508
242,1509
242,1510
242,1511
242,1512
242,1513
242,1514
242,1515
242,1516
242,1517
242,1518
242,1519
242,1520
242,1521
242,1522
242,1523
242,1524
242,1525
242,1526
242,1527
242,1528
242,1529
242,1530
242,1531
242,1532
242,1533
242,1534
242,1535
242,1536
242,1537
242,1538
242,1539
242,1540
242,1541
242,1542
242,1543
242,1544
242,1545
242,1302
242,1546
242,1547
242,1548
242,1549
242,1550
242,1551
242,1552
242,1553
242,1554
242,1555
242,1556
242,1557
242,1558
242,1559
242,1560
242,1561
242,1562
242,1563
242,1564
242,1565
242,1566
242,1567
242,1568
242,1268
242,1569
242,1570
242,1571
242,1572
242,1573
242,1574
242,1575
242,1576
242,1577
242,1578
242,1579
242,1580
242,1581
242,1582
242,1583
242,1584
242,1585
242,1586
242,1587
242,1588
242,1589
243,1590
243,1591
243,1592
243,1593
243,1594
243,1595
243,1596
243,1597
243,1598
243,1599
243,1600
243,1601
243,1602
243,1603
243,1604
243,1605
243,845
243,660
243,1606
243,1607
243,1608
243,1609
243,1610
243,1611
243,1612
243,1613
243,1614
243,1615
243,1616
243,1617
243,1618
243,1619
243,1620
243,1621
243,1622
243,1623
243,1624
243,1625
243,1626
243,1627
243,1628
243,1629
243,1630
243,1631
243,1632
243,1633
243,1634
243,1635
243,1636
243,1637
243,1638
243,1639
243,1640
243,1641
243,1642
243,1643
243,1644
244,1645
244,1646
244,1591
244,1647
244,1648
244,1649
244,1650
244,1651
244,1652
244,1653
244,1654
244,1655
244,1656
244,1657
244,1658
244,1659
244,1660
244,1661
244,1662
244,1663
244,841
244,1664
244,1665
244,1666
244,1667
244,1668
244,1669
244,1670
244,1671
244,1672
244,1673
244,1674
244,1675
244,1676
244,1677
244,1678
244,1679
244,1680
244,1681
244,1682
244,1683
244,1684
244,1685
244,1686
244,1687
244,1688
244,1689
244,1252
244,1690
244,1691
244,1692
244,1693
244,1694
244,1695
244,1696
244,1697
244,1698
244,1699
244,1700
244,1701
244,1702
244,1703
244,1704
244,1613
244,1705
244,1321
244,1706
244,1707
244,370
244,1708
244,1709
244,1710
244,1711
244,1712
244,1713
244,1714
244,1715
244,1716
244,1717
244,1718
244,1719
244,1427
244,1720
244,1721
244,1722
244,1723
244,1724
244,1725
244,1726
244,1727
244,855
244,1728
244,1729
244,1730
244,1731
244,1732
244,1733
244,1734
244,1735
244,1736
244,1737
244,1738
244,1739
244,1740
244,1741
244,1742
244,1743
244,1744
244,1745
244,1746
244,1747
244,1748
244,1749
244,1750
244,1751
244,1752
244,1753
244,1496
244,1754
245,1755
245,1756
245,1757
245,1758
245,1759
245,1760
245,1761
245,1762
245,1763
245,1764
245,1765
245,1766
245,1767
245,1768
245,1769
245,1770
245,1771
245,743
245,1772
245,1773
245,1774
245,1775
245,1776
245,1777
245,1778
245,1779
245,1780
245,972
245,1781
245,1782
245,1783
245,1784
245,1785
245,1786
246,1787
246,1788
246,1789
246,1790
246,1791
246,927
246,1792
246,1793
246,1794
246,1795
246,529
246,1796
246,1797
246,1798
246,1799
246,1334
246,1800
246,1801
246,1802
246,672
246,1803
246,1804
246,1805
246,1806
246,375
246,1807
246,1808
246,1809
246,1810
246,1088
246,1811
246,1812
246,1813
246,1814
246,1815
246,1816
246,1817
246,1818
246,1819
246,681
246,1820
246,1821
246,1822
246,1823
246,1824
246,1825
246,1826
246,1827
246,1828
246,1829
246,1830
246,1831
246,1832
246,1833
246,1834
246,1835
246,1836
246,1837
246,660
246,1177
247,1838
247,639
247,1839
247,1840
247,1841
247,646
247,1842
247,1843
247,1844
247,1845
247,1846
248,1847
248,1848
248,1849
248,941
248,1850
248,1851
248,1852
248,1853
248,1854
248,1855
248,1856
248,1857
248,1858
248,1859
248,1860
248,1861
248,1862
248,1863
248,1864
248,1865
248,1866
248,1867
248,1868
249,1869
249,1870
249,1871
249,1872
249,1873
249,1874
249,1875
249,1876
249,1877
249,1878
249,1879
249,1880
249,672
249,1881
249,1882
249,1883
249,1884
249,1885
249,1886
249,1887
249,1810
249,1888
249,1889
249,1890
249,538
249,1891
249,1892
249,1409
249,1893
249,1894
249,1895
249,1896
249,1897
249,1898
249,1899
249,1900
249,1495
249,1901
250,1902
250,1903
250,1772
250,1904
250,1773
250,1748
250,518
250,1905
250,1906
250,1907
250,1908
250,1909
250,1910
250,1911
250,1912
250,1408
250,973
250,1913
250,1914
250,1915
250,1916
250,1444
250,1917
250,1447
250,1481
250,1918
250,1919
250,1920
250,1921
251,1922
251,1923
251,1924
251,1925
251,1926
251,1927
251,1615
251,1157
251,1928
251,669
251,1929
251,1930
251,1931
251,1932
251,1933
252,1934
252,1935
252,1936
252,1937
252,1938
252,1939
252,1940
253,1941
253,1204
253,239
253,1942
253,1943
253,1944
253,1945
253,1946
253,1947
253,1948
253,1949
253,1950
253,579
253,1951
253,1952
253,1953
253,1954
253,1955
253,1956
253,1957
253,1958
253,1959
253,1960
253,643
253,1961
253,1962
253,1963
253,1964
253,1965
253,1966
253,1967
253,1968
253,1969
253,1970
253,1971
253,1972
253,1973
253,1974
253,1975
253,1976
253,1977
253,1978
253,1979
253,1980
253,1981
253,1982
253,1983
253,1984
253,1985
253,1986
253,1987
253,1988
253,1989
253,1990
253,1410
253,1991
253,1992
253,1993
253,1994
253,1995
253,1996
253,1997
253,1998
253,1999
253,2000
253,2001
253,2002
253,2003
253,2004
253,2005
253,2006
253,2007
253,2008
253,2009
253,2010
253,2011
253,2012
253,2013
253,2014
253,2015
253,2016
253,2017
253,2018
253,2019
253,2020
253,2021
253,2022
253,2023
253,2024
253,2025
253,2026
253,2027
253,2028
253,2029
253,2030
253,2031
253,2032
253,2033
253,2034
253,2035
253,2036
253,957
253,2037
254,2038
254,2039
254,2040
254,2041
254,2042
254,1093
254,2043
254,2044
254,2045
254,2046
254,2047
254,2048
254,2049
254,2050
254,2051
254,2052
254,2053
254,1509
254,2054
254,2055
254,2056
254,451
254,2057
254,2058
254,2059
254,516
254,2060
254,2061
254,518
254,2062
254,1795
254,2063
254,2064
254,2065
254,2066
254,2067
254,2068
254,2069
254,672
254,2070
254,1295
254,2071
254,1120
254,2072
254,2073
254,529
254,2074
254,2075
254,2076
254,2077
254,2078
254,2079
254,2080
254,2081
254,2082
254,2083
254,2084
254,2085
254,2086
254,2087
254,2088
254,2089
254,2090
254,2091
254,2092
254,2093
254,675
254,1138
254,852
254,1177
254,2094
254,2095
254,2096
254,2097
254,1284
254,2098
254,2099
254,2100
254,2101
254,1322
254,2102
254,1250
254,2103
254,2104
254,2105
254,2106
254,2107
254,2108
254,2109
254,2110
254,2111
254,2112
254,2113
254,2114
254,2115
254,2116
254,2117
254,2118
254,2119
255,2120
255,2121
255,2122
255,2123
255,2124
255,2125
255,660
255,1114
255,2126
255,2127
255,2128
255,1140
255,2129
255,2130
255,2131
255,2132
255,2133
255,2134
255,2135
256,2136
256,2137
256,2138
256,2139
256,2140
256,690
256,2141
256,2142
256,2143
256,2144
256,2145
256,2146
256,2147
256,2148
256,2149
256,2150
256,2151
256,2152
256,2153
256,2154
256,2155
256,2156
256,2157
256,2158
256,2159
256,2160
256,2161
257,2162
257,2163
257,2164
257,2165
257,1820
257,2166
257,2167
257,573
257,620
257,2168
257,2169
257,2170
257,2171
257,2172
257,2173
257,1821
257,2174
257,2175
257,2176
257,2177
257,2178
257,2179
257,2180
257,1096
257,2181
257,2182
257,2183
257,2184
257,2185
257,2186
257,2187
257,1849
257,2188
257,652
257,2189
257,2190
257,2191
257,2192
257,1093
257,531
257,232
257,298
257,2193
257,2194
257,2195
257,2196
257,2197
257,2198
257,2199
257,1506
257,646
257,2200
257,2201
257,2202
257,2203
257,2204
257,2205
257,2206
258,2207
258,2208
258,2209
258,2210
258,2211
258,2212
258,1902
258,1803
258,1447
258,2213
258,2214
258,2215
258,2216
258,2217
258,1917
258,2218
258,2219
258,2220
258,2221
258,2222
259,2223
259,2224
259,2225
259,2226
259,2227
259,2228
259,2229
259,2230
259,2231
259,2232
259,2233
259,2234
259,2235
259,302
259,2236
259,2237
259,2238
259,2239
259,2240
259,2241
259,2242
259,2243
259,2244
259,2245
259,2246
259,2247
259,2248
259,1033
259,2249
259,2250
259,2251
259,2252
259,2253
259,2254
259,2255
259,2256
259,2257
259,2258
259,2259
259,2260
259,2261
259,2262
259,2263
259,2264
259,2265
259,2266
259,2267
259,2268
259,2269
259,529
259,2270
259,2271
259,816
259,2272
259,2273
259,2274
259,2275
259,2276
259,2277
259,2278
259,2279
259,2280
259,2281
259,2282
259,2283
259,2284
259,2285
259,2286
259,2287
259,2288
259,2289
259,2290
259,2291
259,2292
259,2293
259,2294
259,2295
259,2296
259,2297
259,2298
259,2299
259,2300
259,2301
259,2302
259,2303
259,2304
259,2305
259,2306
259,2307
259,2308
259,2309
259,232
259,2310
259,2311
259,2312
259,2313
259,2314
259,2315
259,2316
259,2317
259,2318
259,2319
259,2320
259,2321
259,2322
259,2323
259,2324
259,2325
259,2326
259,2327
259,2328
259,2329
259,2330
259,2331
259,2332
259,2333
259,2334
259,2335
259,2336
260,2337
260,2338
260,2339
260,2340
260,2341
260,2342
260,2343
260,2344
260,2345
260,1136
260,2346
260,2347
260,2348
260,2349
260,2350
260,2351
260,2352
260,2353
260,2354
260,2355
260,2356
260,2357
260,2358
260,2359
260,2360
260,2361
260,995
260,2362
260,2363
260,2364
260,2141
260,2365
260,2366
260,2367
260,2368
260,2369
260,2370
260,2371
260,2372
260,2373
260,2374
260,2375
260,2376
260,2377
260,2378
260,2379
260,2380
260,2381
260,2382
260,2383
260,2384
260,2385
260,2386
260,2387
260,2388
260,2389
260,2390
260,2391
260,2392
260,2393
260,2394
260,2395
260,2396
260,2397
260,2398
260,2399
260,2400
260,2401
260,2402
260,2403
260,2404
260,2405
260,2406
260,2407
260,2408
261,2409
261,672
261,2410
261,2411
261,2412
261,2413
261,2414
261,2415
261,2416
261,1049
261,2417
261,967
261,2418
261,2419
261,2420
261,2421
261,2422
261,2423
261,2424
261,2425
261,2426
261,2427
262,2428
262,2429
262,2430
262,2431
262,2432
262,2433
262,2434
262,2435
262,2436
262,2437
262,2438
262,2439
262,2440
262,2441
262,2442
262,1803
262,2443
262,2444
262,2445
262,2446
262,2447
262,2448
262,2449
262,2450
262,2451
262,2452
262,2194
262,2453
262,2454
262,2455
262,529
262,2456
262,2457
262,2458
262,2459
262,2460
262,2461
262,2462
262,2463
262,2464
262,2465
262,2466
262,2467
262,2468
262,2469
262,2470
262,1138
262,2471
262,2472
262,2473
262,2474
262,2475
262,2476
262,2477
262,2478
262,2479
262,2480
262,2481
262,2482
262,2483
262,2484
262,2485
262,2486
262,2487
262,2488
262,1250
262,859
262,2489
262,2490
262,2491
262,2492
262,2493
262,2494
262,2495
262,2496
262,2221
262,2497
262,2498
262,2499
262,2500
262,2501
262,2502
262,2503
262,2504
263,2505
263,2506
263,2507
263,2508
263,1078
263,2509
263,2510
263,2511
264,2512
264,2513
264,2514
264,2515
264,2516
264,2517
264,2518
264,2519
264,2520
264,2521
264,1689
264,2522
264,2523
264,2524
264,849
264,2525
264,2526
264,530
264,2527
264,743
264,2528
264,2529
264,2530
264,2531
264,2532
264,2533
264,2534
264,2535
264,2536
264,2537
264,2538
264,2539
264,2540
264,2541
264,2542
264,2543
265,1880
265,690
265,1905
265,2544
265,2409
265,2545
265,2546
265,2547
265,2548
265,237
265,250
266,2549
266,2550
266,2551
266,2552
266,2553
266,2554
266,2555
266,2556
266,2557
266,2558
266,2559
266,2560
266,2561
266,2562
266,2563
266,2564
266,2565
266,2566
266,2567
266,2568
266,2569
266,2570
266,2571
266,2572
266,2573
266,2574
266,2575
266,2576
266,2577
266,2578
266,2579
266,2580
266,2581
266,2582
266,2583
266,2584
266,2585
266,2586
266,2587
266,2588
266,2589
266,2590
266,2591
266,2592
266,2593
266,2594
266,2595
266,2596
266,2597
266,2598
266,2599
267,2600
267,2601
267,2602
267,2603
267,2604
267,2605
267,2606
267,2607
267,2608
267,2609
267,2610
267,2611
267,2612
267,2613
267,2614
267,2615
267,2616
267,2617
267,2618
267,2619
267,2620
267,2621
267,2622
267,2623
267,2624
267,2625
267,2626
267,2627
267,2628
267,2629
267,2630
267,2631
268,2632
268,2633
268,2634
268,2635
268,2636
268,2637
268,2638
268,2639
268,2139
268,2640
268,2641
268,2642
268,2643
268,2644
268,2645
268,2646
268,2647
268,2648
268,2649
268,472
268,2650
268,2651
268,2652
268,2653
268,2654
268,2655
268,2656
268,2657
268,2658
268,1922
268,1941
268,2659
268,2660
268,2661
268,2662
268,2663
268,2664
268,2665
268,2666
268,2667
268,2668
268,2669
268,580
268,1000
268,2670
268,1917
268,1457
268,2671
268,2672
268,2673
268,2674
268,2675
268,2676
268,2677
268,2678
268,2679
268,2680
268,2681
268,2682
268,2683
268,2684
268,2685
268,2686
268,2687
268,1700
268,2688
268,2689
268,2690
268,2691
268,2692
268,2693
268,2694
268,473
268,2695
268,2696
268,2697
268,2698
268,2699
268,2700
268,2701
268,2702
268,2703
268,2704
268,2705
268,2706
268,2707
268,2708
268,2709
268,2710
268,2711
268,2365
268,2712
268,2713
268,2714
268,2715
268,2716
268,2717
268,2718
268,2719
268,2720
268,2721
268,2722
268,2723
268,2724
268,2725
268,2726
268,2727
268,2728
268,2729
268,2730
268,2731
268,2732
268,2733
268,2734
268,2735
268,2736
268,2737
268,2738
268,2739
268,2740
268,2741
268,2742
268,2743
268,2744
268,2745
268,2746
268,2747
268,2748
268,2749
268,2750
268,2751
268,2752
268,2753
268,2754
268,1363
268,2755
268,2756
268,2757
268,2758
268,2759
268,2760
268,2761
268,2762
268,2763
268,2764
268,2765
268,2766
268,2767
268,2768
268,2769
268,2770
268,2771
268,2772
268,2773
268,1748
268,2774
268,2775
268,2776
268,2777
268,2778
268,2779
268,2780
268,2781
268,2782
268,2783
268,2784
268,1145
268,2785
268,2786
268,2787
268,2788
268,2789
268,2790
268,2791
268,2792
268,2793
268,2794
268,2795
268,2796
268,2797
268,2798
268,2799
268,1146
268,2800
268,2801
268,2802
268,2803
268,2804
268,2805
268,2806
268,2807
268,2808
268,2809
268,2810
268,2811
268,2812
268,2813
268,2814
268,2815
268,2816
268,2817
268,2818
268,2819
268,2820
268,2821
268,684
268,2822
268,2823
268,2824
268,2825
268,2826
268,2827
268,940
268,2828
268,2829
268,2830
268,2831
268,451
268,2832
268,2833
268,2834
268,2835
268,2836
268,2837
268,2838
268,2839
268,1096
268,660
268,2840
268,2841
268,2842
268,2843
268,2844
268,2845
268,2846
268,2847
268,2848
268,2849
268,2850
268,2851
268,2852
268,2853
268,2854
268,2855
268,2856
268,554
268,2857
268,2858
268,2859
268,2860
268,2861
268,2862
268,2863
268,2864
268,2865
268,2866
268,2867
268,2868
268,2869
268,1393
268,2870
268,2871
268,2872
268,2873
268,2874
268,2875
268,2876
268,2877
268,2878
268,2879
268,2880
268,2881
268,2882
268,2883
268,2884
268,2885
268,2886
268,1915
268,2887
268,2888
268,2889
268,2890
268,2891
268,2892
269,2893
269,2894
269,1096
269,2895
269,2896
269,2897
269,2898
269,2899
269,2900
269,2901
269,2902
269,2903
269,2904
269,2905
269,2906
269,672
269,2907
269,2908
269,2909
269,2910
269,2911
269,2912
269,2913
269,2914
269,2915
269,2916
269,2917
269,2918
269,1588
269,2919
269,2920
269,2921
269,2922
269,2923
269,2924
269,2925
269,2926
269,1152
269,2927
269,2928
269,2929
269,2930
269,2931
269,2932
269,2933
269,2934
269,2935
270,2936
270,2937
270,2938
270,2939
270,2940
270,433
270,2941
270,2942
270,2943
270,2944
270,2945
270,2946
270,2947
270,2948
270,2949
270,2950
270,2951
270,2952
270,2953
270,2954
270,2955
270,2956
270,2957
271,2958
271,2959
271,2960
271,1370
271,2961
271,2962
271,2963
271,2964
271,2965
271,2966
271,2878
271,2967
271,2968
271,2969
271,2970
271,2971
271,2972
271,2973
271,2974
271,2975
271,2976
271,2220
271,2977
271,2978
271,2979
271,2980
272,1116
272,2981
272,264
272,2982
272,2983
272,2931
273,2984
273,2985
273,2445
273,2986
273,2987
273,2988
273,2989
273,2990
273,2991
273,2992
273,2993
273,2994
273,1138
273,672
273,2995
273,1214
273,2460
273,2996
273,2997
273,2998
273,2999
273,3000
273,3001
273,3002
273,3003
273,3004
273,3005
273,3006
273,1783
273,3007
273,3008
273,3009
273,1171
273,3010
273,3011
273,3012
273,3013
273,841
273,1706
273,3014
273,2221
273,3015
273,3016
274,3017
274,3018
274,3019
274,3020
274,3021
274,3022
274,3023
274,3024
274,3025
274,3026
274,3027
274,3028
274,3029
274,3030
274,3031
274,3032
274,3033
274,3034
274,3035
274,3036
274,3037
274,849
274,3038
274,3039
274,3040
274,3041
274,3042
274,3043
274,3044
274,3045
274,3046
274,3047
274,3048
274,3049
274,3050
274,3051
274,3052
274,3053
274,3054
274,3055
274,861
274,973
274,3056
274,3057
274,3058
274,3059
274,3060
274,3061
274,3062
275,3063
275,3064
275,1748
275,3065
275,3066
275,3067
275,3068
275,3069
275,3070
275,3071
275,3072
276,3073
276,3074
276,3075
276,3076
276,3077
276,574
276,3078
276,3079
276,3080
276,3081
276,3082
276,3083
276,3084
276,3085
276,3086
276,3087
276,3088
276,3089
276,3090
277,3091
277,3092
277,3093
277,3094
277,3095
277,3096
277,3097
277,3098
277,3099
277,3100
277,3101
277,3102
277,3103
277,434
277,3104
277,3105
277,3106
277,3107
277,3108
277,3109
277,3110
277,3111
277,3112
277,3113
277,3114
277,3115
277,3116
277,3117
277,3118
277,2149
277,3119
277,3120
277,3121
277,3122
277,3123
277,3124
277,3125
277,3126
277,3127
277,3128
277,3129
277,3130
277,3131
277,3132
277,3133
277,3134
277,3135
277,3136
277,429
277,3137
277,3138
277,3139
278,3140
278,3141
278,1424
278,3142
278,3143
278,3144
278,3145
278,3146
278,3147
278,3148
278,3149
278,3150
278,3151
278,3152
278,3153
278,3154
278,3155
278,578
278,580
278,3156
278,3157
278,3158
278,3159
278,3160
278,3161
278,3162
278,2069
278,3163
278,3164
278,3165
278,3166
278,3167
278,3168
278,3169
278,3170
278,3171
278,3172
278,3173
278,3174
278,3175
278,3176
278,3177
278,3178
278,3179
278,3180
278,3181
278,3182
278,3183
278,607
278,2508
278,3184
278,3185
278,3186
278,3187
278,3188
278,3189
278,3190
278,3191
278,3192
278,3193
278,3194
278,3195
278,3196
278,626
278,3197
278,3198
278,3199
278,3200
278,3201
279,3202
279,1941
279,3203
279,1251
279,3204
279,1518
279,3205
279,3206
279,3207
279,3208
279,3209
279,3210
279,3211
279,3212
279,3213
279,3214
279,3215
279,3216
279,3217
279,3218
279,3219
279,3220
279,3221
279,3222
279,3223
279,518
279,3224
279,3225
279,3226
279,3227
279,3228
279,660
279,3229
279,3230
279,1180
279,3231
279,3232
279,3233
279,3234
279,1960
279,847
279,3235
279,3236
279,3237
279,3238
279,3239
279,3240
279,3241
279,529
279,3242
279,3243
279,3244
279,3245
279,3246
279,3247
279,3248
279,3249
279,1929
279,3250
279,1133
279,3251
279,3252
279,3253
279,3254
279,3255
279,3256
279,3257
279,3258
279,3259
279,662
279,3260
279,3261
279,3262
279,3263
279,3264
279,3265
279,3266
279,3267
279,3268
279,3269
279,3270
279,3271
279,3272
279,3273
279,2740
279,3274
279,3275
279,3276
279,3277
279,3278
279,3279
279,3280
279,3281
279,3282
279,3283
279,232
279,3284
279,3285
279,3286
279,3287
279,3288
279,3289
279,3290
279,3291
279,3292
279,3293
279,863
279,3294
279,3295
279,3296
279,3297
279,3298
280,3299
280,3300
280,1088
280,3301
280,3302
280,3303
280,3304
280,3305
280,3306
280,1871
280,3307
280,3308
280,3309
280,696
280,1801
280,3310
280,3311
280,3312
280,529
280,3313
280,3314
280,3315
280,539
280,2183
280,3316
280,3317
280,1816
280,3318
280,3319
280,3320
280,3321
280,3322
280,3323
280,3324
281,3325
281,1589
281,1251
281,3326
281,3327
281,3328
281,3329
281,3330
281,3331
281,3332
281,800
281,3333
281,3334
281,660
281,3335
281,3336
281,672
281,3337
281,3338
281,529
281,3339
281,3340
281,3341
281,3342
281,1133
281,3343
281,2088
281,1138
281,852
281,1177
281,3344
281,539
281,3345
281,3346
281,3347
281,3348
281,3349
281,1846
281,3350
281,2931
281,1791
281,3351
281,3352
281,3353
282,3354
282,3355
282,3356
282,3357
282,3358
282,3359
282,3360
282,580
282,3361
282,446
282,3362
282,3363
282,3364
282,3365
282,3366
282,3367
282,3368
282,3369
282,1699
282,3370
282,3371
282,3372
282,3373
282,3374
282,3375
282,743
282,3376
282,3377
282,3378
282,2636
282,3379
282,859
282,3380
282,3381
282,3382
282,3383
282,3384
282,3385
282,3386
282,3387
283,3388
283,3389
283,3390
283,3391
283,3392
283,3393
283,2221
283,3394
283,3395
283,2019
283,3396
283,3397
283,3398
283,3399
283,3400
283,3401
283,3402
283,3403
284,3404
284,3405
284,3406
284,3407
284,3408
284,3409
284,3410
284,1423
284,3411
284,3412
284,3413
284,3414
284,3415
284,3416
284,3417
284,3418
284,3419
284,3420
284,3421
284,3422
284,3423
284,1880
284,2763
284,3424
284,530
284,3425
284,3426
284,3427
284,3428
284,3429
284,3430
284,3431
284,3432
284,3433
284,3434
284,3435
284,3436
284,3437
284,3438
284,3439
284,3440
284,3441
284,3442
284,3443
284,3444
284,3445
284,3446
284,3447
284,1164
284,3448
284,3449
284,3450
285,3451
285,3452
285,3453
285,3454
285,3455
285,3456
285,3457
285,3458
285,2046
285,3459
285,3460
285,3461
285,3462
285,3463
285,3464
285,845
285,3334
285,3465
285,3466
285,672
285,3467
285,3468
285,3469
285,3470
285,529
285,3471
285,3472
285,3473
285,3474
285,3475
285,683
285,1138
285,3476
285,1152
285,1894
285,3477
285,3478
285,3479
285,3322
285,3480
285,3481
285,3482
286,3483
286,3484
286,3014
286,3485
286,378
286,1526
286,3486
286,3487
286,3488
286,3489
286,3490
286,3491
286,3492
286,3493
286,3494
286,3495
286,3496
286,1168
286,3002
286,3497
286,3498
286,3499
286,3500
286,3501
286,3502
286,1533
286,3503
286,3504
286,3505
286,3506
286,3507
286,3508
286,1531
286,3509
286,3510
286,3511
286,3512
287,3513
287,3514
287,943
287,690
287,3515
287,3516
287,3517
287,3518
287,3519
287,3520
287,3521
287,3522
287,3523
287,3524
287,3525
287,3526
287,3527
287,3528
287,927
287,3529
287,3530
287,3531
287,3532
287,1096
287,3533
287,3534
287,3535
287,595
287,3536
287,3537
287,3538
287,3539
287,3540
287,3541
287,3542
287,3543
287,3544
287,3545
287,3546
287,3547
287,3548
287,3549
287,3550
287,3551
287,3552
287,3553
287,3554
287,3555
287,3556
287,3557
287,3558
287,3559
287,3560
287,3561
287,1968
287,3562
287,3563
287,3564
288,3565
288,3566
288,3567
288,3568
288,3569
288,3570
288,3571
288,3572
288,3573
288,3574
288,3575
288,3576
288,560
289,3577
289,3578
289,3579
289,3580
289,3581
289,3582
290,3583
290,3584
290,3585
290,3586
290,3587
290,3588
290,3589
290,3590
290,3591
290,3592
290,3593
290,3594
290,3595
290,3596
290,3597
290,3598
290,3599
290,3600
290,3601
290,3602
290,3603
290,3604
290,3605
290,3606
290,3607
290,3608
290,3609
290,3610
290,3611
290,3612
290,3613
290,3614
290,3615
290,3616
290,3617
290,3618
290,3619
290,3620
290,3621
290,3622
290,3623
290,3624
290,3625
290,3626
290,3627
290,3628
291,3629
291,3630
291,3631
291,3632
291,3633
291,3634
291,3635
291,3636
291,3637
291,3638
291,3639
291,3640
291,3641
291,3642
291,3643
291,3644
291,3645
291,3646
291,3647
291,3648
292,3649
292,3650
292,3651
292,3652
292,3653
292,3654
292,3655
292,1694
292,3656
292,3657
292,3658
292,3659
292,3660
292,3661
292,3662
292,3663
292,3664
292,3665
292,3666
292,3667
292,3668
292,3669
292,3670
292,3671
292,3672
292,3673
292,3674
292,3675
292,3676
292,3677
292,3678
292,3679
292,3680
292,3681
292,3682
292,3683
292,3684
292,3685
292,3686
292,3687
292,3688
292,1184
292,3689
292,3690
292,3691
292,3692
292,3693
292,3694
292,3695
292,3696
292,3697
292,3698
292,3699
292,3700
292,3701
293,3702
293,3703
293,3704
293,3705
293,3706
293,3707
293,3708
293,3709
293,3710
293,3711
293,3712
293,3713
293,3714
293,1000
293,3715
293,3716
293,3717
293,3718
293,3719
293,3720
293,3721
293,3722
293,3723
293,3724
293,3725
293,3726
293,2566
293,996
293,3727
293,3728
293,3729
293,3730
293,3731
293,747
293,3732
293,1810
293,3733
293,3734
293,3735
293,3736
293,652
293,3737
293,3738
293,3739
293,708
293,706
293,3740
293,3741
293,3742
294,3743
294,3744
294,3745
294,3746
294,3747
294,3748
294,3749
294,3750
294,3751
294,3752
294,3753
294,3754
294,3755
294,3756
294,3757
294,3758
294,3759
294,3760
294,3761
294,3762
294,3763
294,3764
294,3765
294,3766
294,3767
294,3768
294,3769
294,3770
294,3771
294,3772
294,3773
294,3774
294,3775
294,3776
294,620
294,3777
294,3778
294,3779
294,3780
294,3781
294,3782
294,3783
294,3784
294,3785
294,3786
294,3787
294,3788
294,3789
294,3790
294,3791
294,3792
294,3793
294,3794
294,3795
294,3796
294,3797
295,3798
295,3799
295,3800
295,3801
295,3802
295,3803
295,3804
295,3805
295,3806
295,3807
295,3808
295,3809
295,3810
295,3811
295,3812
295,3813
295,3814
295,3815
295,3816
295,3817
295,3818
295,3819
295,3820
295,3821
295,3822
295,3823
295,2069
295,3824
295,3825
295,3826
295,3827
295,3828
295,3829
295,3830
295,3831
295,3832
295,3833
295,3834
295,3835
295,3836
295,3837
295,3838
295,3839
295,2085
295,3840
295,3841
295,3842
295,3843
295,3844
295,3845
295,3846
295,3847
295,3848
295,3849
295,3850
295,3851
295,3852
295,3853
295,3854
295,3855
295,3856
295,3857
295,3858
295,3859
295,3860
295,3861
295,3862
295,3863
295,3864
295,3865
295,3866
295,3867
295,3868
295,3869
295,3870
295,3871
295,3872
295,3873
295,3874
295,3875
295,3876
295,3877
295,3878
295,3879
295,3880
295,3881
295,3882
295,3883
295,3884
295,3885
295,3886
295,3887
295,3888
295,3889
295,3890
295,3891
295,3892
295,3893
295,3894
295,3895
295,3896
295,3897
296,3898
296,3899
296,3900
296,3901
296,3902
296,3903
296,2201
296,3904
296,3905
296,3906
296,3907
296,3908
296,3909
296,3910
296,3911
296,3912
296,3913
296,3914
296,3915
296,3916
296,3917
296,3918
296,3919
296,3920
296,3921
296,3922
296,3923
296,3924
296,3925
296,3926
296,3927
296,3928
296,3929
296,3930
296,3931
296,3932
296,3933
296,3934
296,3935
296,3936
296,3937
296,3938
296,3939
296,3940
296,3941
296,3942
296,3943
296,2657
296,3944
296,3945
296,3946
296,3947
296,3948
296,3949
296,3950
296,3951
296,3952
296,553
296,3953
296,3954
296,3955
296,3956
296,3957
296,3958
296,3959
296,3960
296,3961
296,3962
296,3963
297,3964
297,3965
297,3966
297,3967
297,3968
297,2517
297,3969
297,3970
297,3971
297,3972
297,3973
297,1447
297,3974
297,3975
297,3976
297,3977
297,1917
297,1815
297,3978
297,3979
297,3980
297,3981
297,3982
297,3983
297,3984
297,1473
297,3985
297,1408
297,2972
297,3986
297,3987
297,3988
297,3053
297,3989
297,3990
297,3991
297,3992
297,1918
297,3993
297,3994
298,3995
298,3996
298,3997
298,3998
298,3485
298,2458
298,3999
298,1927
298,4000
298,4001
298,4002
298,4003
298,4004
298,4005
298,4006
298,4007
298,2365
298,433
298,1186
298,4008
298,1516
298,4009
298,4010
298,1216
298,4011
298,1175
298,4012
298,1565
298,4013
298,1519
298,4014
298,1268
298,1177
298,4015
298,4016
298,4017
298,4018
298,4019
298,3334
298,3001
298,1764
298,4020
299,4021
299,4022
299,4023
299,4024
299,4025
300,4026
300,4027
300,4028
300,4029
300,4030
300,4031
300,4032
300,4033
300,4034
300,4035
300,4036
300,4037
300,4038
300,4039
300,1737
300,4040
300,4041
300,4042
301,4043
301,4044
301,4045
301,4046
301,4047
301,4048
301,4049
301,4050
301,4051
301,4052
301,4053
301,752
301,2365
301,4054
301,620
301,573
301,4055
301,4056
301,4057
301,1428
301,4058
301,4059
301,4060
301,2173
301,3386
301,2181
301,617
301,4061
301,4062
301,938
301,4063
301,643
301,4064
301,4065
301,660
301,4066
301,4067
301,4068
301,4069
301,3526
301,4070
301,4071
301,4072
301,4073
301,4074
301,4075
301,4076
301,4077
301,4078
301,4079
301,4080
301,4081
301,651
301,4082
301,4083
301,4084
302,4085
302,999
302,4086
302,4087
302,4088
302,4089
302,4090
302,2879
302,4091
302,4092
302,4093
302,4094
302,4095
302,4096
302,4097
302,660
302,4098
302,4099
302,4100
302,4044
302,3032
302,4101
302,4102
302,4103
302,4104
302,4105
302,4106
302,672
302,4107
302,4108
302,4109
302,4110
302,4111
302,529
302,4112
302,4113
302,4114
302,4115
302,4116
302,4117
302,4118
302,4119
302,4120
302,4121
302,4122
302,4123
302,4124
302,541
302,733
302,4125
302,4126
302,2220
302,2872
302,4127
302,4128
302,4129
302,4130
302,1749
302,2328
302,4131
302,4132
302,4133
302,560
302,4134
302,4135
303,4136
303,4137
303,4138
303,4139
303,4140
303,4141
303,1874
303,4142
303,407
304,4143
304,4144
304,4145
304,4146
304,4147
304,4148
304,4149
305,4150
305,4151
305,4152
305,4153
305,4154
305,4155
305,4156
305,4157
305,4158
305,4159
305,4160
305,4161
305,4162
305,4163
305,4164
305,4165
305,4166
305,4167
305,4168
305,4169
305,4170
305,4171
305,4172
305,943
305,4173
305,4174
305,4175
305,4176
305,4177
305,4178
305,4179
305,4180
305,4181
305,4182
305,4183
305,4184
305,4185
305,4186
305,4187
305,4188
305,4189
305,4190
305,4191
305,4192
305,4193
305,4194
305,4195
305,4196
305,4197
305,4198
305,4199
305,4200
305,4201
305,4202
305,4203
305,4204
305,4205
306,4206
306,4207
306,4208
306,4209
306,4210
306,4211
306,4212
306,1203
306,4213
306,4214
306,4215
306,4216
306,4217
306,4218
306,4219
306,4220
306,4221
306,4222
306,4223
306,4224
306,4225
306,4226
306,4227
306,4228
306,4229
306,4230
306,4231
306,4232
306,4233
306,4234
306,4235
306,4236
306,4237
306,4238
306,4239
306,4240
307,4241
307,3964
307,4242
307,4243
307,4244
307,4245
307,1902
307,4246
307,4247
307,1447
307,4248
307,2520
307,1917
307,4249
307,4250
307,4251
307,4252
307,4253
307,4254
307,4255
307,4256
307,4257
307,4258
307,4259
307,4260
307,4261
307,4262
307,1408
307,4263
307,4264
307,4265
307,4266
307,4267
307,4268
307,4269
307,1895
307,4270
307,4271
307,1779
307,4272
307,4273
307,3990
307,4274
307,554
307,4275
308,4276
308,4277
308,4278
308,4279
308,4280
309,4281
309,4282
309,4283
309,4284
309,4285
309,4286
310,4287
310,4288
310,4289
310,2189
310,4290
310,4291
310,4292
310,4293
310,4294
310,4295
310,4296
310,4297
311,4298
311,4299
312,4300
312,4301
312,4302
312,473
312,4303
312,4304
312,4305
312,4306
312,4307
312,4308
312,4309
312,2871
312,4310
312,4311
312,4312
312,4313
312,4314
313,4315
313,1849
313,4316
313,4317
313,2832
313,4318
313,4319
313,529
313,4320
313,4321
313,1009
313,4322
313,4323
313,4324
313,4325
313,4326
313,4327
313,4328
313,4329
314,4330
314,1589
314,4331
314,4332
314,4333
314,4334
314,4335
314,4336
314,4337
314,4338
314,4339
314,4340
314,4341
314,4342
314,4343
314,4344
314,4345
314,4346
314,4347
314,454
314,4348
314,4349
314,4350
314,4351
314,4352
314,4353
314,4354
314,4355
314,4356
314,4357
314,4358
314,4359
314,3540
314,4360
314,4361
314,4362
314,4363
314,4364
314,4365
314,4366
314,4367
314,4368
315,4369
315,4370
315,4371
315,4372
315,4373
315,4374
315,4375
315,4376
315,4377
315,4378
315,4043
315,4379
315,4380
315,4381
315,4382
315,4383
315,4384
315,4385
315,3032
315,294
315,4386
315,4387
315,4388
315,4389
315,4110
315,4390
315,4391
315,4392
315,3839
315,4393
315,4394
315,4395
315,4396
315,4397
315,4398
315,4399
315,4082
315,4400
315,4401
315,4402
315,4403
316,4404
316,4405
317,4406
317,4407
317,4122
317,317
318,4408
318,4409
318,4410
318,4411
318,4412
318,4413
318,4414
318,4415
318,4416
318,239
318,4417
318,4418
318,4419
318,1855
318,4420
318,598
318,643
318,4421
318,230
318,4422
318,4423
318,4424
318,4425
318,4426
318,4427
318,3617
318,4428
318,4429
318,4430
318,4431
318,2508
318,4432
318,4433
318,4434
318,4435
318,4436
318,4437
318,4438
318,4439
318,4440
318,4441
319,4442
319,4443
319,4444
319,4445
319,4446
319,4447
319,4448
319,4449
319,4450
319,4451
319,3664
319,4452
319,4453
319,230
319,4454
319,396
319,4455
319,852
319,4456
319,4457
319,4458
319,4459
319,4460
320,4461
320,4462
320,4463
320,4464
320,4465
320,1089
320,4466
320,4467
320,4468
320,4469
320,4470
320,1092
320,4471
320,4472
320,4088
320,4473
320,4474
320,1251
320,4475
320,1099
320,4476
320,4477
320,4478
320,4479
320,4480
320,4481
320,4482
320,4483
320,4484
320,3306
320,4485
320,4486
320,4487
320,4488
320,1000
320,4489
320,4490
320,4491
320,4492
320,4493
320,4494
320,4495
320,3332
320,4496
320,4497
320,4498
320,4499
320,4500
320,4501
320,4502
320,4503
320,4504
320,4505
320,4506
320,4507
320,4508
320,4509
320,4510
320,4511
320,4512
320,4513
320,4514
320,4515
320,4516
320,4517
320,4518
320,4519
320,4520
320,4521
320,4522
320,4523
320,4524
320,4525
320,4526
320,4527
320,4528
320,4529
320,4530
320,4531
320,4532
320,4533
320,4534
320,4535
320,2365
320,4536
320,4537
320,4114
320,4538
320,4539
320,4540
320,4541
320,4542
320,4543
320,4544
320,4545
320,2088
320,4546
320,4547
320,4548
320,4549
320,4550
320,4551
320,4552
320,4553
320,4554
320,4555
320,4556
320,4557
320,4558
320,4559
320,4560
320,4561
320,4562
320,4563
320,4564
320,4565
320,4566
320,4397
320,4567
320,4568
320,4569
320,4570
320,1147
320,4571
320,4572
320,4573
320,4574
320,4575
320,4576
320,4577
320,4578
320,4579
320,4580
320,4581
320,4582
320,4583
320,4082
320,4584
320,4585
320,4586
320,4587
320,4588
320,4286
320,4083
320,4589
320,4590
320,2328
320,4591
320,4592
320,4593
320,4594
320,4595
321,4596
321,4597
321,587
321,4598
321,4599
321,4600
321,4601
321,4602
321,4603
321,4604
321,4605
322,4606
322,4607
322,4608
322,4609
322,4610
323,620
323,4611
323,4612
323,4613
323,4614
323,4615
323,4616
323,1667
323,1105
323,4617
323,4618
323,2667
323,4619
323,1250
323,370
323,4620
323,4621
323,4622
323,4623
323,4624
323,4625
323,4626
323,4627
323,4628
323,4629
323,4630
323,4631
323,4632
323,4633
323,1640
323,4634
323,4635
323,4636
323,4637
323,273
323,354
323,4638
323,662
323,4639
323,4640
323,4641
323,4642
323,3028
323,849
323,1656
323,4643
323,4644
323,4645
323,4646
323,4647
323,4648
323,4649
323,4650
323,4651
323,2713
323,2714
323,665
323,4652
323,1141
323,4653
323,4654
323,4655
323,4656
323,4657
323,4658
323,4659
323,1810
323,2304
323,4660
323,4661
323,4662
323,4077
323,4663
323,4664
323,4665
323,4666
323,4667
323,4668
323,4669
323,4670
323,3462
323,4671
323,2167
323,4672
323,4673
323,4674
323,4675
323,4676
323,1962
323,4677
323,3545
323,4678
323,4679
323,4680
323,4681
323,4682
323,4683
324,4684
324,4685
324,4686
324,4687
324,4688
324,4689
324,4690
324,4691
324,4692
324,4693
324,4694
324,4695
324,4696
324,4697
324,4698
324,4699
324,4700
324,4701
324,4702
324,4703
324,4704
324,4705
324,4706
324,4271
324,4707
324,1748
324,4708
324,4709
324,4710
324,4711
324,4712
324,4713
325,4714
325,4715
325,4716
325,4717
325,4718
325,1096
325,4719
325,4720
325,4721
325,4722
325,4723
325,4724
325,684
325,690
325,4725
325,4726
325,4727
325,4728
325,4729
325,4730
325,4731
325,4732
325,4733
325,4734
325,4735
325,4736
325,4737
325,4738
325,4739
325,4740
325,4741
325,4742
325,4743
325,4744
325,2872
325,4745
325,4746
325,4747
325,863
325,4748
325,4749
325,2024
325,4750
326,4751
326,4378
326,4752
326,4753
326,4754
326,1424
326,4755
326,4756
326,4757
326,4758
326,4759
326,4760
326,4761
326,4762
326,4763
326,4764
326,4765
326,4766
326,4767
326,1000
326,4768
326,1184
326,4769
326,1825
326,4770
326,800
326,4771
326,4772
326,4773
326,4774
326,4775
326,4776
326,4777
326,4778
326,4779
326,592
326,1168
326,4780
326,4781
326,4782
326,4783
326,4784
326,4785
326,2365
326,4786
326,4787
326,4788
326,4393
326,4789
326,4790
326,4791
326,4792
326,2149
326,3134
326,989
326,4793
326,4794
326,2575
326,4795
326,4796
326,4797
326,4798
326,4799
326,4800
326,4801
326,2183
326,4802
326,4803
326,4804
326,1429
326,4805
326,4806
326,1175
326,3487
326,372
326,4807
326,1802
326,4808
326,4809
326,4810
326,2983
326,4811
326,2012
326,4812
326,4813
326,4814
326,4815
326,4816
326,4817
326,4818
326,4819
326,4820
326,4821
327,4822
327,1749
327,4823
327,1748
327,4824
327,865
327,4825
327,4826
327,1916
327,4723
327,4827
327,4828
327,4829
327,1767
327,3972
327,1915
328,4830
328,4831
328,4832
328,4833
328,4834
328,4835
328,4836
328,4837
328,4838
328,4839
328,4840
328,4841
328,4218
328,4842
328,4843
328,4844
328,4845
328,4846
328,4847
328,4848
328,4849
328,4850
328,4851
328,4852
328,4853
328,4854
328,4855
328,4856
328,4857
328,4858
328,4859
328,4860
328,4861
328,4862
329,4863
329,4864
329,4865
329,4866
329,4867
329,4825
329,4868
329,4869
329,4870
329,4871
329,4872
329,4873
329,4874
329,4875
329,4876
329,4877
329,4878
329,4879
329,4880
329,4881
329,4882
329,4883
329,4884
329,4885
329,4886
329,4887
329,4888
329,4889
329,4827
329,4829
329,4648
329,4890
330,4891
330,4892
330,4893
330,4894
330,672
330,529
330,4895
330,333
330,4896
330,1138
330,1891
330,4897
330,4898
330,1152
330,372
330,4899
330,4900
330,4901
330,4902
330,4903
330,4904
330,4905
330,4906
331,4907
331,4908
331,4909
331,4910
331,3659
331,4911
331,3498
331,4302
331,4912
331,1200
331,4913
331,1192
331,4006
331,1167
331,4914
331,4897
331,518
331,3214
331,2667
331,4915
331,4916
331,4917
331,4918
331,4919
331,4920
331,529
331,672
331,541
331,1171
331,4921
331,1175
331,4922
331,4923
331,4924
331,4018
331,4925
331,4926
331,4927
331,4928
331,4005
331,4929
331,4002
331,1179
331,979
331,4930
331,1926
331,4931
331,1186
331,4932
331,3001
331,4933
331,1185
331,4934
331,4935
331,4936
331,4937
331,4938
331,4939
331,4940
331,4941
331,4942
331,1272
331,4943
331,1197
331,4944
331,3678
331,4945
331,1189
331,4946
331,4947
331,4948
332,4949
332,4950
332,4951
332,4952
332,4953
332,4954
332,4955
332,4956
332,4957
332,4958
332,4959
332,4960
332,4961
332,4962
332,4963
332,4964
332,4965
332,4966
332,4967
332,4968
332,4969
332,4970
332,4971
332,1846
332,4972
332,4973
332,4974
332,4975
332,4976
332,4977
333,4978
333,3713
333,2742
333,4979
333,4980
333,4981
333,4982
333,4983
333,4984
333,734
333,4985
333,4986
333,4987
333,4988
333,4897
333,372
333,4989
333,4990
333,4991
333,4992
333,4993
333,4994
333,4995
333,4905
334,4996
334,4997
334,4998
334,2517
334,451
334,4999
334,5000
334,1447
334,5001
334,5002
334,5003
334,530
334,5004
334,5005
334,1472
334,5006
334,554
335,5007
335,5008
335,5009
335,5010
335,5011
335,5012
335,5013
335,5014
335,5015
336,5016
336,5017
336,5018
337,5019
337,5020
337,1096
337,3708
337,5021
337,5022
337,5023
337,5024
337,5025
337,5026
337,5027
337,5028
337,5029
337,5030
337,5031
337,4724
337,5032
337,5033
337,5034
337,5035
337,5036
337,5037
337,5038
337,5039
337,5040
337,5041
337,5042
337,5043
337,5044
337,5045
337,5046
337,5047
337,5048
337,5049
337,5050
337,2712
337,5051
337,5052
337,2685
337,5053
337,5054
337,5055
337,5056
337,3197
337,5057
337,5058
338,5059
338,5060
338,5061
338,5062
338,2069
338,5063
338,5064
338,5065
339,5066
339,5067
339,5068
339,5069
339,5070
339,5071
339,5072
339,5073
339,434
339,5074
339,1195
339,5075
339,5076
339,5077
339,5078
339,5079
339,5080
339,5081
339,5082
339,5083
339,5084
339,5085
339,5086
339,5087
339,5088
339,5089
339,5090
339,5091
339,5092
339,5093
339,5094
339,5095
339,5096
339,5097
339,5098
339,5099
339,5100
339,5101
339,5102
339,5103
339,3954
339,5104
339,4398
339,229
339,5105
339,5106
339,5107
339,5108
339,5109
339,246
339,5110
339,2427
339,518
339,5111
339,2245
339,5112
339,5113
339,2201
339,5114
339,3269
339,5115
339,5116
339,5117
339,5118
339,5119
339,5120
339,3666
339,5121
339,5122
339,5123
339,5124
339,4774
340,5125
340,5126
340,5127
340,529
340,5128
340,5129
340,5130
340,2568
340,5131
340,1105
340,5132
340,5133
340,5134
340,5135
340,5136
340,3352
340,5137
341,5138
341,5139
341,5140
341,5141
341,5142
341,5143
341,5144
341,5145
341,5146
341,5147
341,943
341,5148
341,5149
341,5150
341,1976
341,5151
341,2712
341,5152
341,5153
341,5154
341,5155
341,5156
341,5157
341,5158
341,5159
341,5160
341,5161
341,5162
342,5163
342,5164
342,5165
342,5166
342,5167
342,5168
342,5169
342,5170
342,5171
342,5172
342,5173
342,5174
342,5175
342,1803
342,5176
342,5177
342,1311
342,1299
342,1298
342,5178
342,5179
342,5180
342,5181
342,5182
342,5183
342,5184
342,5185
342,5186
342,5187
342,5188
342,5189
342,5190
342,5191
342,5192
342,5193
342,5194
342,5195
342,1300
342,5196
342,5197
342,5198
342,5199
342,5200
342,5201
342,5202
342,5203
342,5204
342,5205
342,5206
342,5207
342,5208
342,5209
342,5210
342,5211
342,5212
342,2931
342,5213
342,1791
342,5214
342,5215
342,5216
342,5217
342,5218
343,5219
343,1096
343,5220
343,5221
343,5222
343,5223
343,5224
343,2173
343,5225
343,3711
343,5226
343,4288
343,5227
343,5228
343,5229
343,5230
343,5231
343,5232
343,5233
343,5234
343,5235
343,5236
343,5237
343,5238
343,5239
343,5240
343,5241
343,5242
343,5243
343,560
343,5244
343,5245
343,5246
343,5247
343,3378
343,5248
343,5249
343,5250
343,5251
343,5252
343,5253
343,5254
343,935
343,5255
344,5256
344,690
344,5257
344,5258
344,5259
344,5260
345,5261
345,5262
345,5263
345,2328
345,5264
345,5265
345,5266
345,5267
345,5268
345,5269
345,427
345,5270
345,5271
345,5272
345,5273
345,5274
345,2149
345,3194
345,5275
345,1516
345,1515
345,5276
345,5277
345,5278
345,5279
345,429
345,5280
346,5281
346,5282
346,5283
346,5284
346,5285
346,5286
346,5287
346,5288
346,5289
346,5290
346,5291
346,5292
346,5293
346,5294
346,571
346,5295
346,5296
346,5297
346,5298
346,5299
346,5300
346,5301
346,5302
346,5303
346,5304
346,5305
346,5306
346,800
346,5307
346,5308
346,5309
346,5310
346,5311
346,5312
346,5313
346,5314
346,5315
346,5316
346,5317
346,5318
346,5319
346,5320
346,5321
346,278
346,5322
346,5323
346,5324
346,5325
346,5326
346,5327
346,5328
346,5329
346,5330
346,5331
346,5332
346,5333
346,5334
346,5335
346,5336
346,4558
346,5337
346,5338
346,5339
346,5340
346,5341
346,5342
346,5343
346,5344
346,5345
346,5346
346,5347
346,5348
346,5349
346,5350
346,5351
346,2106
346,5352
346,5353
346,5354
346,5355
346,5356
346,5357
346,5358
346,5359
346,5360
346,5361
346,5362
346,874
346,5363
346,5364
346,5365
346,5366
347,5367
347,5368
347,4147
347,5369
347,427
347,5370
347,5371
347,3105
347,5372
347,239
347,4055
347,5373
347,5374
347,5375
347,5376
347,5377
347,5378
347,5379
347,3627
347,5380
347,5381
347,3597
347,5382
347,5383
347,3512
347,5384
347,5385
347,5386
347,5387
347,5388
347,429
347,5389
347,5390
347,5391
347,5392
347,5393
347,5394
347,5395
347,5396
347,3428
347,2614
347,5397
347,2611
347,5398
347,5399
347,5400
347,5401
347,5402
347,5403
347,5404
347,5405
347,5406
347,5407
347,5408
347,5317
347,5318
347,5409
348,5410
348,5411
348,5412
348,5413
349,5414
349,5415
349,5416
349,796
349,5417
349,5418
349,5419
349,5420
349,1280
349,5421
349,5422
349,5423
349,5424
349,5425
349,5426
349,5427
349,5428
349,3518
349,643
349,5429
349,816
349,5430
349,5431
349,5432
349,5433
349,2365
349,5434
349,225
349,5435
349,5436
349,5437
349,5438
349,5439
349,5440
349,5441
349,5442
349,5443
349,5444
349,5445
349,5446
349,5447
349,5448
349,5449
349,5450
349,5451
349,755
349,5452
350,5453
350,5454
350,5455
350,5456
350,5457
350,5458
350,5459
350,617
350,5460
350,5461
351,4639
351,2231
351,1080
351,1656
351,5462
351,2517
351,5463
351,5464
351,1447
351,1903
351,5465
351,5466
351,3028
351,3031
351,5467
351,5468
351,2520
351,5469
351,5470
351,5471
351,4885
351,5472
351,1689
351,5473
351,849
351,5474
351,5475
351,1916
351,5476
351,743
351,5477
351,5478
351,5479
351,5480
351,5481
351,1779
351,5482
351,980
351,5483
351,5484
351,2159
351,5485
351,5486
352,1778
352,5487
352,1501
352,701
352,5488
352,5489
352,5490
352,5491
352,5492
352,5493
352,5494
352,5495
352,5496
352,684
352,5497
352,553
352,5498
352,5499
352,1000
352,5500
353,595
353,5501
353,5502
353,5503
353,5504
353,5505
353,5506
353,1528
354,5507
354,5508
354,5509
354,5510
354,5511
354,5512
354,3485
354,273
354,5513
354,5514
354,1173
354,2997
354,5515
354,5516
354,5517
354,5518
354,5519
354,5520
354,5521
354,5522
354,5523
354,5524
354,5525
354,5526
354,5527
354,1724
354,5528
354,5529
354,5530
354,5531
354,5532
354,5533
354,5534
354,5535
354,5536
354,3687
354,5537
354,5538
354,5539
354,5540
354,5541
354,5542
354,5543
354,5544
354,5545
354,5546
354,5547
354,5548
354,5549
354,5550
354,5551
354,5552
354,5553
354,5554
354,5555
354,5556
354,5557
354,5558
354,5559
354,5560
354,5561
354,5562
354,5563
354,5564
354,5565
354,5566
354,5567
354,5568
354,5569
354,5570
354,5571
354,5572
354,5573
354,5574
354,5575
354,5576
354,5577
354,5578
354,5579
354,5580
354,5581
354,5582
354,5583
354,5584
354,5585
354,5586
354,5587
354,5588
354,4804
354,5589
354,5590
354,5591
354,5592
354,5593
354,5594
354,5595
354,5596
354,5597
354,5598
354,5599
354,3212
354,5600
354,5601
355,5602
355,5603
355,5604
355,5605
355,5606
355,5607
355,5608
355,5609
355,5610
355,5611
355,5612
355,5613
355,5614
355,5615
355,5616
355,5617
355,5618
355,5619
355,5620
355,5621
355,5622
355,5623
355,5624
355,5625
355,5626
355,5627
355,5628
355,5629
355,5630
355,5631
355,5632
355,5633
355,5634
355,5635
355,5636
355,5637
355,5638
355,5639
355,5640
355,5641
355,5642
355,5643
355,5644
355,5645
355,5646
355,5647
355,5648
355,5649
355,5650
355,5651
355,5652
355,5653
355,5654
355,5655
355,5656
355,5657
355,5658
355,5659
355,5660
355,5661
355,5662
355,5663
355,5664
355,5665
355,5666
355,5667
355,5668
355,5669
355,5670
355,2120
355,5671
355,5672
355,5673
355,5674
355,5675
355,5676
355,5677
355,5678
355,5679
355,5680
355,5681
355,5682
355,5683
355,5684
355,5685
355,5686
355,5687
355,5688
355,5689
355,5690
355,5691
355,5692
355,5693
355,5694
355,5695
355,5696
355,5697
355,5698
355,5699
355,5700
355,5701
355,5702
355,5703
355,5704
355,5705
355,5706
355,5707
355,5708
355,5709
355,5710
355,5711
355,5712
355,5713
355,5714
355,5715
355,5716
355,5717
356,5718
356,571
356,5719
356,5720
356,5721
356,5722
356,5723
356,5724
356,5725
356,5726
356,5727
356,5728
356,5729
356,5730
356,5731
356,5325
356,5732
356,5733
356,5734
356,5735
356,5736
356,5737
356,5738
356,2311
356,5739
356,5740
356,5741
356,3892
356,5742
356,5743
356,5744
356,5745
357,4636
357,5746
357,5747
357,5748
357,5749
357,5750
357,5751
357,5752
357,2742
357,5753
357,4979
357,5754
357,5755
357,5756
357,5757
357,5758
357,5759
357,4983
357,3361
357,5760
357,5761
357,5762
357,5763
357,5764
357,5765
357,5766
357,5767
357,5768
357,5769
357,5770
357,5771
357,5772
357,5773
357,5774
357,5775
357,5776
357,5777
357,5778
357,5779
357,5780
357,5781
357,5782
357,5783
357,5784
357,5785
357,5786
357,5787
357,5788
357,5789
357,5790
357,5110
358,5791
358,5792
358,5793
358,1518
358,1564
358,5794
358,5795
358,5796
358,5797
358,3459
358,5798
358,5799
358,5800
358,1902
358,5801
358,5802
358,5803
358,5804
358,5805
358,5806
358,5807
358,5808
358,4381
358,5809
358,5810
358,5811
358,5812
358,4645
358,5813
358,5814
358,5815
358,5816
358,5817
358,5727
358,1459
358,2069
358,5818
358,5819
358,5820
358,5821
358,5822
358,5823
358,5824
358,5825
358,5826
358,5827
358,5828
358,5829
358,5830
358,5831
358,5832
358,5833
358,5834
358,5835
358,5836
358,5837
358,5838
358,4789
358,5839
358,5840
358,5841
358,5842
358,5843
358,5844
358,4702
358,5845
358,5846
358,5847
358,5848
358,5849
358,5850
358,4648
358,5851
358,5852
358,5853
358,5854
358,4280
358,3870
358,5855
358,5856
358,5857
358,5858
358,5859
358,5860
358,5861
358,5862
358,5863
358,5864
358,5865
358,5866
358,5867
359,2884
359,5868
359,5869
359,5870
359,5519
359,5871
359,5872
359,5873
359,5874
359,5875
359,5876
359,5877
359,5878
359,5879
359,5880
359,5881
359,4019
359,5882
359,5883
359,1272
359,4802
359,5884
359,1724
359,5885
359,1167
359,5528
359,5886
359,1516
359,3194
359,5887
359,5888
359,5889
359,5890
359,5891
359,5892
359,1295
359,1171
359,5893
359,5894
359,2044
359,5895
359,5896
360,5897
360,5898
360,5899
360,5900
360,5901
360,5902
360,5903
360,5904
360,5905
360,5906
360,5907
360,5908
360,5909
360,5910
360,5911
360,5912
360,5913
360,5914
360,5915
360,5916
360,5917
360,5918
360,5919
360,5920
360,5921
360,5922
361,5923
361,5924
361,5925
361,5926
361,4058
361,5927
361,5928
361,5929
361,5930
361,5931
361,5932
361,5933
361,5934
361,5935
361,5936
361,5937
361,5938
361,5939
361,5940
361,5941
361,5942
361,5943
361,5944
361,5945
361,5946
361,5947
362,5948
362,2167
362,1951
362,5949
362,5950
362,5951
362,5952
362,5953
362,5954
362,5955
362,5956
362,5957
362,5958
362,5959
362,5960
362,5961
362,5962
362,5963
362,5964
362,4672
362,5965
362,5966
362,5967
362,5968
362,5969
362,5970
362,5971
362,5972
362,5973
362,5974
362,5975
362,5976
362,5977
362,5978
362,5979
362,5980
362,5981
362,5982
362,5983
362,5984
362,5985
362,5986
362,5987
362,5988
362,5989
362,5990
362,5991
362,5992
362,5993
362,5994
362,5995
362,5996
362,5997
362,5998
362,5999
362,6000
363,2221
363,6001
363,6002
363,4802
363,2443
363,6003
363,6004
363,6005
363,298
363,6006
363,6007
363,6008
363,6009
363,6010
363,2856
363,6011
363,6012
363,6013
363,6014
363,2931
363,6015
364,2984
364,6016
364,6017
364,6018
364,6019
364,6020
364,6021
364,6022
364,6023
364,6024
364,6025
365,6026
365,6027
365,6028
365,6029
365,6030
365,6031
365,6032
365,6033
365,6034
365,3973
365,4249
365,6035
365,3971
365,6036
365,6037
365,6038
365,2737
365,6039
365,6040
365,1917
365,6041
365,1767
365,3921
365,6042
365,6043
365,6044
365,6045
365,6046
365,1408
365,6047
365,6048
365,6049
365,6050
365,6051
365,3947
365,6052
365,6053
365,6054
365,6055
365,6056
366,6057
366,6058
366,6059
366,6060
366,6061
367,571
367,6062
367,6063
367,6064
367,5934
367,416
367,6065
367,6066
367,6067
368,6068
368,6069
368,239
368,6070
368,6071
368,580
368,4414
368,6072
368,5378
368,6073
368,6074
368,6075
368,6076
368,6077
368,6078
368,6079
368,6080
368,6081
368,6082
368,6083
368,4796
368,6084
368,6085
368,6086
368,611
368,6087
368,6088
368,6089
369,1096
370,6090
370,6091
370,1079
370,6092
370,1080
370,1394
370,6093
370,6094
370,6095
370,1518
370,6096
370,4643
370,6097
370,3459
370,659
370,6098
370,6099
370,3972
370,6100
370,4100
370,6101
370,6102
370,5813
370,3008
370,6103
370,6104
370,1689
370,6105
370,6106
370,6107
370,1407
370,4269
370,6108
370,5840
370,6109
370,6110
370,6111
370,6112
370,662
370,1171
370,1890
370,6113
370,6114
370,6115
370,2997
370,6116
370,6117
370,6118
370,4663
370,6119
370,6120
370,6121
370,6122
370,6123
370,4274
370,6124
370,6125
370,6126
370,6127
370,6128
370,6129
370,6130
370,6131
370,6132
370,6133
371,6134
371,6135
371,6136
371,6137
372,6138
372,6139
372,6140
372,6141
372,6142
372,6143
372,6144
372,6145
372,6146
372,6147
372,845
372,6148
372,6149
372,6150
372,6151
372,6152
372,4986
372,6153
372,6154
372,6155
372,6156
372,6157
372,6158
372,6159
372,6160
372,6161
372,6162
372,699
372,6163
372,6164
372,6165
372,6166
372,6167
372,6168
372,6169
372,6170
372,6171
372,6172
372,6173
372,6174
372,6175
372,6176
372,6177
372,6178
372,6179
372,6180
373,6181
373,6182
373,6183
373,6184
373,6185
373,6186
373,6187
373,6188
373,6189
373,6190
373,6191
373,6192
373,6193
373,6194
373,6195
373,6196
373,6197
373,6198
373,6199
373,6200
373,6201
373,6202
373,6203
373,6204
373,6205
373,6206
373,6207
373,6208
373,6209
373,6210
373,6211
373,6212
373,6213
373,6214
373,6215
373,6216
373,6217
373,6218
373,6219
373,6220
373,6221
373,6222
373,6223
373,6224
373,6225
373,6226
373,6227
373,6228
373,6229
373,6230
373,6231
373,6232
373,6233
373,6234
373,6235
373,6236
373,6237
373,6238
373,6239
373,6240
373,6241
373,6242
373,6243
373,6244
373,6245
373,6246
373,6247
373,6248
373,6249
373,6250
373,6251
373,6252
373,6253
373,6254
373,6255
373,6256
373,6257
373,6258
373,6259
373,6260
373,6261
373,6262
373,6263
373,6264
373,6265
373,6266
373,6267
373,6268
373,6269
373,6270
373,6271
373,6272
373,6273
373,6274
373,6275
374,6276
374,1366
374,1367
374,6277
374,1368
374,6278
374,5466
374,660
374,1377
374,6279
374,1133
374,1380
374,1382
374,699
374,6280
374,1390
374,6281
375,6282
375,2153
375,3028
375,2590
375,6111
376,6283
376,6284
376,6285
376,6286
376,6287
376,6288
376,6289
376,4043
376,6290
376,6291
376,6292
376,4062
376,6293
376,6294
376,583
376,6295
376,6296
376,6297
376,6298
376,6299
376,3571
376,6300
376,6301
376,6302
376,6303
376,5885
376,5388
376,6304
376,6305
376,6306
376,6307
376,1322
376,6308
376,6309
376,2309
376,6310
376,6311
376,6312
376,6313
376,6314
376,6315
376,6316
376,6317
376,6318
376,6319
376,953
376,6320
376,6321
376,6322
376,6323
376,6324
376,6325
376,6326
376,6327
376,6328
376,6329
377,6330
377,6331
377,6332
377,6333
377,5257
377,6334
377,6335
377,6336
378,684
378,863
378,6005
378,683
378,666
378,6337
378,1530
378,1526
378,6338
378,6339
378,264
378,6340
378,6341
378,6342
378,529
378,1145
378,6343
378,6344
378,6345
378,6346
378,6347
378,6348
378,6349
378,6350
378,6351
378,6352
378,6353
378,6354
378,6355
378,6356
378,6357
378,6358
378,3507
378,6359
378,6360
378,6361
378,6362
378,5118
378,6363
378,6364
378,6365
378,6366
378,6367
378,6368
378,6369
378,6370
378,1136
378,1272
378,3483
378,2996
379,6371
379,6372
379,6373
379,6374
379,239
379,1096
379,6375
379,6376
379,6377
379,6378
379,6379
379,6380
379,6381
379,6382
379,6383
379,6384
379,595
379,6385
379,6386
379,6387
379,6388
379,2508
379,1720
379,6389
379,6390
379,6391
379,6392
379,6393
379,6394
379,3686
380,6395
380,6396
380,6397
380,4408
380,6398
380,6399
380,6400
380,6401
380,6402
380,6403
380,6404
380,6405
380,6406
380,6407
380,6408
380,6409
380,5372
381,6410
381,1096
381,1865
381,1866
381,6411
381,6412
381,6413
381,6414
381,2181
381,6415
381,598
381,6416
381,6417
381,6418
381,617
381,6419
381,6420
381,6421
381,6422
381,1651
381,6423
381,6424
381,6425
381,6426
381,6427
381,6428
381,6429
381,6430
381,6431
381,6432
381,6433
381,6434
381,6435
381,6436
381,6437
381,6438
381,6439
381,6440
381,6441
381,6442
381,6443
381,6444
381,6445
381,6446
381,6447
381,6448
381,404
381,6449
381,6450
381,6451
381,6452
381,6453
381,6454
381,6455
381,6456
381,6457
381,6458
381,6459
381,6460
381,6461
381,6462
381,6463
381,6464
381,6465
382,6466
382,6467
382,6468
382,2571
382,6469
382,6470
382,6471
382,6472
382,6473
382,6474
382,6475
382,6476
383,6477
383,1803
383,6478
383,6479
383,6480
383,6481
383,6482
384,6483
384,6484
384,6485
384,6486
384,6487
384,6488
384,6489
384,6490
384,6491
384,6492
384,6493
384,6494
384,6495
384,6496
384,6497
384,6498
384,6499
384,6500
384,6501
384,6502
384,6503
384,6504
384,6505
384,6506
384,6507
384,6508
385,6509
385,6510
385,6511
385,6512
385,6513
385,6514
385,6515
385,6516
385,6517
385,6518
385,6519
385,6520
385,6521
385,6522
385,6523
385,6524
385,6525
385,6526
385,6527
385,6528
385,6529
385,6530
385,6531
385,6532
385,6533
385,6534
385,6535
385,6536
385,6537
385,6538
385,1149
385,6539
385,1761
385,6540
385,6541
385,6542
385,6543
385,841
385,3028
385,927
385,1904
385,6544
385,1846
385,3327
385,6545
385,6546
385,6547
385,6548
385,6549
385,4263
386,6550
386,6551
386,6552
386,6553
386,2137
386,1516
386,6554
386,6555
386,6556
386,1096
386,6557
386,3707
386,1804
386,6558
386,6559
386,425
386,6560
386,6561
386,6562
386,4062
386,6563
386,6564
386,6565
386,6566
386,580
386,935
386,6567
386,6568
386,1795
386,660
386,6569
386,6570
386,6072
386,6571
386,6572
386,643
386,6573
386,1579
386,2194
386,6574
386,6575
386,6576
386,1693
386,6577
386,4065
386,3370
386,529
386,6578
386,595
386,6579
386,6580
386,6581
386,6582
386,6583
386,6584
386,2365
386,326
386,6401
386,1138
386,6585
386,1072
386,6586
386,1506
386,6587
386,2508
386,6588
386,6589
386,2479
386,6590
386,6591
386,6592
386,6593
386,6594
386,6595
386,617
386,6596
386,6597
386,6598
386,4398
386,6599
386,4064
386,6600
386,6601
386,708
386,6602
386,6603
386,6604
386,6421
386,6605
386,6478
386,6606
386,6607
386,6608
386,6609
386,6610
386,6611
386,6612
386,2024
386,6613
386,6614
386,6615
387,6616
387,6617
387,6618
387,6619
387,6620
387,6621
387,5120
387,6622
387,6623
387,6624
387,6625
387,6626
387,6627
387,6628
387,6629
387,6630
387,6631
387,6632
387,6633
387,3361
387,935
387,6634
387,6635
387,6636
387,6637
387,6638
387,6639
387,6640
387,6641
387,6642
387,6643
387,6644
387,6645
387,6646
387,5765
387,6647
387,6648
387,6649
387,6650
387,6651
387,6652
387,6653
387,6654
387,6655
387,6656
387,6657
387,6658
387,6659
387,6660
387,2680
387,6661
387,6662
387,6663
387,6664
387,6665
387,6666
387,6667
387,6668
387,6669
387,6670
387,6671
387,6672
387,6673
387,6674
387,6675
387,6676
387,6677
387,6678
387,2427
387,6679
387,6680
387,6681
387,6682
387,6683
387,6684
387,6685
387,6686
387,6687
387,6688
387,6689
387,6690
387,6691
388,6692
388,6693
388,6694
388,6695
388,6696
388,6697
388,6698
388,6699
388,6700
388,6701
388,6702
388,6703
388,6704
388,6705
388,6706
388,6707
388,6708
388,6709
388,6710
389,1168
389,6711
389,1686
389,6712
389,5869
389,6713
389,6714
389,1214
389,1213
389,3700
389,6715
389,6716
389,6717
389,2445
389,4910
389,6718
389,6719
389,6720
389,3507
389,3699
389,6721
389,1519
389,6722
389,1565
389,6723
389,6724
389,5711
389,6725
389,2475
389,6726
389,6727
389,298
389,6728
389,4921
389,6729
389,6730
389,1185
389,5519
389,6731
389,6732
389,1184
389,3401
389,594
389,6733
389,6734
389,6735
389,6736
389,6737
389,4802
389,3693
389,2988
389,6738
389,6739
390,6740
390,6741
390,6742
390,6743
390,6744
390,6745
390,6746
390,6747
390,6748
390,6749
391,6750
391,2069
391,6751
391,6752
391,3678
391,6753
391,6754
391,6755
391,6756
391,6757
391,6758
391,6759
391,6760
391,6761
391,6762
391,6763
391,6764
391,6765
391,6766
391,6767
391,6768
391,6769
391,1748
391,540
391,6770
391,6771
391,6772
391,6773
391,6774
391,6775
391,6776
391,6777
391,6778
391,6779
391,6780
391,6781
391,2769
391,6782
391,529
391,6783
391,6784
391,6785
391,6786
391,6787
391,6788
391,6789
391,6790
391,6791
391,6792
391,6793
391,6794
391,6795
391,6796
391,6797
391,1086
391,2656
391,6798
391,6799
391,6800
391,6801
391,6802
391,6803
391,6804
391,6805
391,6806
391,6807
391,6808
391,6809
391,6810
391,6811
391,6812
391,6813
391,6814
391,6815
392,6816
392,6817
392,6818
392,6819
392,6820
393,6821
393,6822
393,6823
393,6824
393,6825
393,6826
393,6827
393,6828
393,6829
393,6830
393,6831
393,6832
393,6833
393,6834
393,6835
393,6836
393,6837
393,6838
393,1853
393,6839
393,3091
393,6840
393,6841
393,2605
393,595
393,6581
393,6842
393,6843
393,2574
393,6844
393,6845
393,6846
393,6847
393,6848
393,6849
393,6850
393,6851
393,3519
393,6852
393,6853
393,6854
393,6855
393,6856
393,6857
393,6858
393,6859
393,6860
393,6861
393,6862
393,6863
393,6864
393,6865
393,6866
393,6867
393,6868
393,6869
393,6870
393,2034
393,6871
394,6872
394,6873
394,6874
394,6875
394,6876
394,6877
394,6878
394,6879
394,6880
394,6881
394,6882
394,6883
395,6884
395,6885
395,6886
395,6887
395,6888
395,6889
395,6890
395,6891
395,6892
395,6893
395,405
395,6894
395,6895
395,6896
395,6897
395,6898
395,6899
395,6900
395,6901
395,6902
395,6903
395,6904
395,6905
395,6906
395,6907
395,6908
395,6909
395,3186
395,6910
395,6911
395,6912
395,6913
395,6914
395,6915
395,6916
396,6917
396,6918
396,2439
396,6919
396,6920
396,6921
396,6922
396,6923
396,6924
396,6925
396,6926
396,6927
396,6928
396,672
396,6929
396,6930
396,6931
396,529
396,6932
396,6933
396,6934
396,6935
396,6936
396,6937
396,1887
396,6938
396,6939
396,6940
396,1152
396,6941
396,6942
396,1894
396,6943
396,6944
396,6945
396,6946
396,6947
396,3322
396,6948
396,6949
397,6950
397,6951
397,6952
397,2774
397,2817
397,6953
397,6954
397,6955
397,6956
397,6957
397,6958
397,6959
397,6960
397,6961
397,6962
397,6963
397,6964
397,6965
397,2763
397,2816
397,3426
397,6966
397,4875
397,6967
397,6968
397,1472
397,6969
397,6970
397,6971
397,6972
397,6973
397,6974
397,6975
397,4648
397,3278
397,6976
397,6977
397,6978
397,6979
397,6980
397,6981
397,1748
398,6982
398,6983
398,6984
398,6985
398,6986
398,6987
398,6988
398,6989
399,6990
399,6991
399,6992
400,4672
400,6993
400,6994
400,6995
400,6996
400,6997
400,6998
400,6999
400,7000
400,7001
400,7002
400,7003
400,7004
400,7005
400,7006
400,3527
401,7007
401,1252
401,7008
401,2002
401,3338
401,7009
401,7010
401,1922
401,847
401,7011
401,2083
401,1776
401,1410
401,1941
401,1251
401,1960
401,7012
401,7013
401,7014
401,841
401,7015
401,7016
401,529
402,7017
402,7018
402,7019
402,7020
402,7021
402,7022
402,7023
402,7024
402,7025
402,7026
402,7027
402,5772
402,7028
402,7029
402,7030
403,7031
403,1589
403,7032
403,7033
403,7034
403,841
403,1849
403,1192
403,1214
403,7035
403,3305
403,7036
403,7037
403,7038
403,7039
403,7040
403,7041
403,7042
403,940
403,3334
403,1113
403,672
403,7043
403,7044
403,529
403,7045
403,7046
403,1615
403,7047
403,7048
403,7049
403,7050
403,1138
403,852
403,1891
403,1148
403,7051
403,7052
403,541
403,7053
403,7054
403,7055
403,7056
403,7057
403,7058
403,4993
404,2713
404,7059
404,7060
404,7061
404,7062
404,7063
404,7064
404,7065
404,7066
404,7067
404,7068
404,7069
404,7070
404,7071
404,7072
404,7073
404,2141
404,7074
404,1880
404,7075
404,7076
404,7077
404,7078
404,7079
404,7080
404,7081
404,7082
404,7083
404,7084
404,7085
404,7086
404,7087
404,7088
404,7089
404,7090
404,7091
404,7092
404,7093
404,7094
404,7095
404,7096
404,7097
404,7098
404,7099
404,4648
404,7100
404,7101
404,7102
404,7103
404,7104
404,7105
404,7106
404,7107
404,7108
404,7109
404,7110
404,7111
404,7112
404,7113
404,7114
404,7115
404,7116
404,7117
404,7118
404,2183
404,7119
404,7120
404,7121
404,7122
404,7123
404,7124
404,7125
404,7126
404,7127
404,7128
405,6889
405,6912
405,7129
405,7130
405,7131
405,7132
405,7133
405,7134
405,7135
405,7136
405,3436
405,7137
405,7138
405,7139
405,7140
405,7141
405,7142
405,7143
405,2221
405,7144
405,5869
405,7145
405,7146
405,7147
405,7148
405,7149
405,7150
405,7151
405,7152
405,7153
405,7154
405,7155
405,7156
405,2354
406,7157
406,7158
406,7159
406,7160
406,7161
406,7162
406,7163
406,7164
406,7165
406,7166
406,7167
406,7168
406,7169
406,7170
406,7171
406,7172
406,7173
406,7174
406,7175
406,7176
406,7177
406,7178
406,7179
406,7180
406,7181
407,7182
407,7183
407,845
407,7184
407,5137
407,7185
407,1105
407,7186
407,7187
407,2845
407,6117
407,5131
407,7188
407,4588
407,7189
407,7190
407,340
407,529
407,7191
408,7192
408,7193
408,7194
408,7195
408,7196
408,7197
408,7198
408,7199
408,7200
408,7201
408,7202
408,7203
408,7204
408,7205
408,7206
408,7207
408,7208
408,7209
409,2200
409,7210
410,7211
410,7212
410,7213
410,7214
410,7215
410,7216
410,7217
410,7218
410,7219
411,411
411,7220
411,7191
411,7221
411,3475
411,7222
411,7223
412,7224
412,7225
412,7226
412,7227
412,7228
412,3430
412,7229
412,839
412,7230
412,7231
412,7232
412,7233
412,7234
412,7235
413,7236
413,7237
413,7238
413,7239
413,7240
413,7241
413,7242
413,7243
413,7244
413,7245
413,7246
413,7247
413,927
413,7248
413,7249
413,7250
413,7251
413,7252
413,1344
413,7253
413,7254
413,7255
413,7256
413,5031
413,7257
413,660
413,7258
413,7259
413,7260
413,7261
413,7262
413,7263
413,7264
413,7265
413,7266
413,5035
413,7267
413,7268
413,7269
413,7270
413,7271
413,7272
413,7273
413,7274
413,7275
413,7276
413,2463
413,7277
413,7278
413,7279
413,7280
413,7281
413,7282
413,7283
413,7284
413,1136
413,7285
413,7286
413,852
413,7287
413,7288
413,7289
413,7290
413,7291
413,695
413,7292
413,7293
413,7294
413,7295
413,7296
413,7297
413,7298
413,7299
413,7300
413,7301
413,7302
413,7303
413,7304
413,7305
413,7306
413,6319
413,7307
413,7308
413,7309
413,7310
413,7311
413,7312
413,7313
414,7314
414,7315
414,7316
414,7317
414,7318
414,7319
414,7320
414,7321
414,7322
414,7323
414,7324
414,7325
414,7326
414,7327
414,7328
414,7329
414,7330
414,7331
414,7332
414,7333
415,7334
415,7335
415,7336
415,7337
415,7338
415,7339
415,7340
415,7341
415,7342
415,7343
415,7344
415,7345
415,7346
415,4910
415,7347
415,7348
415,7349
415,7350
415,7351
415,7352
415,7353
415,7354
415,3282
415,7355
415,7356
415,7357
415,7358
415,7359
415,7360
415,7361
415,7362
415,7363
415,7364
415,7365
415,7366
415,7367
415,1810
415,2283
416,7368
416,1748
416,1924
416,7369
416,7370
416,7371
416,1946
416,7372
416,7373
416,7374
416,7375
416,7376
416,4430
416,7377
416,7378
416,7379
416,239
416,7380
416,7381
416,7382
416,7383
416,7384
416,1251
416,7385
416,579
416,5219
416,643
416,7386
416,7387
416,7388
416,651
417,7389
417,3996
417,434
417,7390
417,3332
417,800
417,405
417,7391
417,7392
417,5397
417,7393
417,7394
417,7395
417,4147
417,7396
417,3428
417,7397
417,7398
417,7399
417,5384
417,7400
417,7401
417,2427
417,7402
417,2614
417,7403
417,7404
417,5400
417,7405
418,7406
418,4821
418,7407
418,6741
418,7408
418,7409
418,7410
418,7411
418,847
418,7412
418,7413
418,7414
418,1417
418,7415
418,1322
418,7416
418,1410
418,1251
418,7417
418,7418
418,7419
418,2599
418,7420
418,7421
418,7422
418,2051
418,7423
418,7424
418,7425
418,7426
418,7427
418,7428
418,7429
418,7430
418,7431
418,7432
418,7433
418,7434
418,4932
418,7435
418,7436
418,7437
418,7438
418,7439
418,7440
418,7441
418,7442
418,677
418,2667
418,7443
418,4218
418,7444
418,7445
418,7446
418,7447
418,3012
418,7448
419,7449
419,7450
419,7451
419,7452
419,7453
419,2958
419,7454
419,7455
419,5285
419,7456
419,7457
419,7458
419,7459
419,4043
419,7460
419,7461
419,7462
419,7463
419,7464
419,4768
419,7465
419,3159
419,7466
419,7467
419,7468
419,7469
419,7470
419,7471
419,7472
419,7473
419,7474
419,7475
419,7476
419,7477
419,7478
419,7479
419,7480
419,7481
419,7482
419,7483
419,7484
419,7485
419,7486
419,7487
419,7488
419,7489
419,7490
419,7491
420,7492
420,7493
420,7494
420,7495
420,7496
420,7497
420,7498
420,7499
420,7500
420,7501
420,7502
420,7503
420,7504
421,7505
421,7506
421,7507
421,7508
421,7509
421,7510
421,7511
421,4949
421,7512
421,7513
421,7514
421,7515
421,7516
421,7517
421,7518
421,7519
421,7520
421,7521
421,7522
421,3990
421,7523
421,4696
422,7524
423,7525
423,7526
423,7527
423,7528
423,7529
423,7530
423,7531
423,7532
423,7533
423,7534
423,7535
423,7536
423,7537
423,7538
423,7539
423,7540
423,7541
423,7542
423,7543
423,7544
423,7545
423,7546
423,7547
423,7548
423,7549
423,7550
423,7551
423,7552
423,7553
423,7554
423,7555
423,7556
423,7557
423,7558
423,7559
423,7560
423,7561
423,7562
423,5797
423,4789
423,7563
423,7564
423,7565
423,7566
423,7567
423,7568
423,7569
423,7570
423,7571
423,7572
423,7573
423,7574
423,7575
423,7576
423,7577
423,7578
423,7579
423,7580
423,7581
423,7582
423,7583
423,7584
423,7585
423,7586
423,7587
423,7588
423,7589
423,7590
423,7591
423,7592
423,7593
423,7594
423,7595
423,7596
423,7597
423,7598
423,7599
423,7600
423,7601
423,7602
423,7603
423,7604
423,7605
423,7606
423,7607
423,7608
423,7609
423,7610
423,7611
423,7612
423,7613
423,7614
423,7615
423,7616
423,7617
423,7618
423,7619
423,7620
423,7621
423,7622
423,7623
423,7624
423,7625
423,7626
423,7627
423,7628
423,7629
424,7630
424,7631
424,7632
425,2221
425,5384
425,7633
425,7634
425,7635
425,7636
425,7408
425,7637
425,7638
425,7639
425,7640
425,7641
425,7642
425,4056
425,7643
425,7644
425,4147
426,1425
426,1421
426,7645
