id,label,assigned_topic
1,1,1
2,2,2
3,3,2
4,4,-1
5,5,0
6,6,4
7,7,0
8,8,-1
9,9,0
10,10,0
11,11,0
12,12,8
13,13,2
14,14,1
15,15,0
16,16,-1
17,17,7
18,18,-1
19,19,0
20,20,0
21,21,6
22,22,0
23,23,0
24,24,0
25,25,0
26,26,1
27,27,3
28,28,0
29,29,0
30,30,6
31,31,-1
32,32,0
33,33,0
34,34,8
35,35,-1
36,36,0
37,37,0
38,38,6
39,39,2
40,40,-1
41,41,-1
42,42,0
43,43,0
44,44,6
45,45,0
46,46,8
47,47,0
48,48,0
49,49,6
50,50,2
51,51,0
52,52,0
53,53,1
54,54,1
55,55,0
56,56,0
57,57,6
58,58,0
59,59,0
60,60,6
61,61,0
62,62,-1
63,63,1
64,64,1
65,65,4
66,66,0
67,67,0
68,68,0
69,69,2
70,70,6
71,71,-1
72,72,0
73,73,3
74,74,-1
75,75,0
76,76,0
77,77,1
78,78,4
79,79,-1
80,80,-1
81,81,5
82,82,4
83,83,0
84,84,0
85,85,6
86,86,8
87,87,3
88,88,8
89,89,-1
90,90,0
91,91,1
92,92,1
93,93,5
94,94,0
95,95,-1
96,96,0
97,97,0
98,98,0
99,99,0
100,100,2
101,101,2
102,102,-1
103,103,1
104,104,0
105,105,1
106,106,0
107,107,-1
108,108,0
109,109,2
110,110,0
111,111,0
112,112,2
113,113,-1
114,114,0
115,115,2
116,116,0
117,117,0
118,118,6
119,119,0
120,120,0
121,121,0
122,122,2
123,123,0
124,124,7
125,125,-1
126,126,-1
127,127,0
128,128,0
129,129,0
130,130,-1
131,131,0
132,132,-1
133,133,4
134,134,1
135,135,0
136,136,8
137,137,-1
138,138,0
139,139,0
140,140,1
141,141,6
142,142,5
143,143,4
144,144,2
145,145,0
146,146,3
147,147,7
148,148,4
149,149,-1
150,150,6
151,151,3
152,152,8
153,153,-1
154,154,4
155,155,1
156,156,1
157,157,0
158,158,3
159,159,0
160,160,-1
161,161,-1
162,162,0
163,163,-1
164,164,0
165,165,6
166,166,1
167,167,1
168,168,7
169,169,1
170,170,-1
171,171,-1
172,172,-1
173,173,-1
174,174,2
175,175,-1
176,176,3
177,177,3
178,178,0
179,179,7
180,180,1
181,181,4
182,182,-1
183,183,0
184,184,0
185,185,2
186,186,2
187,187,3
188,188,-1
189,189,2
190,190,0
191,191,7
192,192,0
193,193,-1
194,194,0
195,195,3
196,196,0
197,197,1
198,198,0
199,199,0
200,200,-1
201,201,1
202,202,-1
203,203,4
204,204,1
205,205,3
206,206,-1
207,207,2
208,208,6
209,209,0
210,210,-1
211,211,2
212,212,3
213,213,-1
214,214,1
215,215,2
216,216,2
217,217,-1
218,218,0
219,219,4
220,220,0
221,221,-1
222,222,0
223,223,0
224,224,0
225,225,8
226,226,2
227,227,1
228,228,0
229,229,-1
230,230,7
231,231,-1
232,232,0
233,233,0
234,234,6
235,235,0
236,236,0
237,237,0
238,238,0
239,239,1
240,240,3
241,241,0
242,242,0
243,243,6
244,244,-1
245,245,0
246,246,0
247,247,8
248,248,-1
249,249,0
250,250,0
251,251,6
252,252,2
253,253,-1
254,254,-1
255,255,0
256,256,0
257,257,6
258,258,0
259,259,8
260,260,0
261,261,0
262,262,6
263,263,2
264,264,0
265,265,0
266,266,1
267,267,1
268,268,0
269,269,0
270,270,6
271,271,0
272,272,0
273,273,6
274,274,0
275,275,-1
276,276,1
277,277,1
278,278,4
279,279,0
280,280,0
281,281,0
282,282,2
283,283,6
284,284,-1
285,285,0
286,286,3
287,287,-1
288,288,0
289,289,0
290,290,1
291,291,4
292,292,-1
293,293,-1
294,294,5
295,295,4
296,296,0
297,297,0
298,298,6
299,299,8
300,300,3
301,301,8
302,302,-1
303,303,0
304,304,1
305,305,1
306,306,5
307,307,0
308,308,-1
309,309,0
310,310,0
311,311,0
312,312,0
313,313,2
314,314,2
315,315,-1
316,316,1
317,317,0
318,318,1
319,319,0
320,320,-1
321,321,0
322,322,2
323,323,0
324,324,0
325,325,2
326,326,-1
327,327,0
328,328,2
329,329,0
330,330,0
331,331,6
332,332,0
333,333,0
334,334,0
335,335,2
336,336,0
337,337,7
338,338,-1
339,339,-1
340,340,0
341,341,0
342,342,0
343,343,-1
344,344,0
345,345,-1
346,346,4
347,347,1
348,348,0
349,349,8
350,350,-1
351,351,0
352,352,0
353,353,1
354,354,6
355,355,5
356,356,4
357,357,2
358,358,0
359,359,3
360,360,7
361,361,4
362,362,-1
363,363,6
364,364,3
365,365,8
366,366,-1
367,367,4
368,368,1
369,369,1
370,370,0
371,371,3
372,372,0
373,373,-1
374,374,-1
375,375,0
376,376,-1
377,377,0
378,378,6
379,379,1
380,380,1
381,381,7
382,382,1
383,383,-1
384,384,-1
385,385,-1
386,386,-1
387,387,2
388,388,-1
389,389,3
390,390,3
391,391,0
392,392,7
393,393,1
394,394,4
395,395,-1
396,396,0
397,397,0
398,398,2
399,399,2
400,400,3
401,401,-1
402,402,2
403,403,0
404,404,7
405,405,0
406,406,-1
407,407,0
408,408,3
409,409,0
410,410,1
411,411,0
412,412,0
413,413,-1
414,414,1
415,415,-1
416,416,4
417,417,1
418,418,3
419,419,-1
420,420,2
421,421,6
422,422,0
423,423,-1
424,424,2
425,425,3
426,426,-1
427,427,9
428,428,9
429,429,9
430,430,9
431,431,9
432,432,9
433,433,9
434,434,9
435,435,9
436,436,9
437,437,9
438,438,9
439,439,9
440,440,9
441,441,9
442,442,9
443,443,9
444,444,9
445,445,9
446,446,9
447,447,9
448,448,9
449,449,9
450,450,9
451,451,9
452,452,9
453,453,9
454,454,9
455,455,9
456,456,9
457,457,9
458,458,9
459,459,9
460,460,9
461,461,9
462,462,9
463,463,9
464,464,9
465,465,9
466,466,9
467,467,9
468,468,9
469,469,9
470,470,9
471,471,9
472,472,9
473,473,9
474,474,9
475,475,9
476,476,9
477,477,9
478,478,9
479,479,9
480,480,9
481,481,9
482,482,9
483,483,9
484,484,9
485,485,9
486,486,9
487,487,9
488,488,9
489,489,9
490,490,9
491,491,9
492,492,9
493,493,9
494,494,9
495,495,9
496,496,9
497,497,9
498,498,9
499,499,9
500,500,9
501,501,9
502,502,9
503,503,9
504,504,9
505,505,9
506,506,9
507,507,9
508,508,9
509,509,9
510,510,9
511,511,9
512,512,9
513,513,9
514,514,9
515,515,9
516,516,9
517,517,9
518,518,9
519,519,9
520,520,9
521,521,9
522,522,9
523,523,9
524,524,9
525,525,9
526,526,9
527,527,9
528,528,9
529,529,9
530,530,9
531,531,9
532,532,9
533,533,9
534,534,9
535,535,9
536,536,9
537,537,9
538,538,9
539,539,9
540,540,9
541,541,9
542,542,9
543,543,9
544,544,9
545,545,9
546,546,9
547,547,9
548,548,9
549,549,9
550,550,9
551,551,9
552,552,9
553,553,9
554,554,9
555,555,9
556,556,9
557,557,9
558,558,9
559,559,9
560,560,9
561,561,9
562,562,9
563,563,9
564,564,9
565,565,9
566,566,9
567,567,9
568,568,9
569,569,9
570,570,9
571,571,9
572,572,9
573,573,9
574,574,9
575,575,9
576,576,9
577,577,9
578,578,9
579,579,9
580,580,9
581,581,9
582,582,9
583,583,9
584,584,9
585,585,9
586,586,9
587,587,9
588,588,9
589,589,9
590,590,9
591,591,9
592,592,9
593,593,9
594,594,9
595,595,9
596,596,9
597,597,9
598,598,9
599,599,9
600,600,9
601,601,9
602,602,9
603,603,9
604,604,9
605,605,9
606,606,9
607,607,9
608,608,9
609,609,9
610,610,9
611,611,9
612,612,9
613,613,9
614,614,9
615,615,9
616,616,9
617,617,9
618,618,9
619,619,9
620,620,9
621,621,9
622,622,9
623,623,9
624,624,9
625,625,9
626,626,9
627,627,9
628,628,9
629,629,9
630,630,9
631,631,9
632,632,9
633,633,9
634,634,9
635,635,9
636,636,9
637,637,9
638,638,9
639,639,9
640,640,9
641,641,9
642,642,9
643,643,9
644,644,9
645,645,9
646,646,9
647,647,9
648,648,9
649,649,9
650,650,9
651,651,9
652,652,9
653,653,9
654,654,9
655,655,9
656,656,9
657,657,9
658,658,9
659,659,9
660,660,9
661,661,9
662,662,9
663,663,9
664,664,9
665,665,9
666,666,9
667,667,9
668,668,9
669,669,9
670,670,9
671,671,9
672,672,9
673,673,9
674,674,9
675,675,9
676,676,9
677,677,9
678,678,9
679,679,9
680,680,9
681,681,9
682,682,9
683,683,9
684,684,9
685,685,9
686,686,9
687,687,9
688,688,9
689,689,9
690,690,9
691,691,9
692,692,9
693,693,9
694,694,9
695,695,9
696,696,9
697,697,9
698,698,9
699,699,9
700,700,9
701,701,9
702,702,9
703,703,9
704,704,9
705,705,9
706,706,9
707,707,9
708,708,9
709,709,9
710,710,9
711,711,9
712,712,9
713,713,9
714,714,9
715,715,9
716,716,9
717,717,9
718,718,9
719,719,9
720,720,9
721,721,9
722,722,9
723,723,9
724,724,9
725,725,9
726,726,9
727,727,9
728,728,9
729,729,9
730,730,9
731,731,9
732,732,9
733,733,9
734,734,9
735,735,9
736,736,9
737,737,9
738,738,9
739,739,9
740,740,9
741,741,9
742,742,9
743,743,9
744,744,9
745,745,9
746,746,9
747,747,9
748,748,9
749,749,9
750,750,9
751,751,9
752,752,9
753,753,9
754,754,9
755,755,9
756,756,9
757,757,9
758,758,9
759,759,9
760,760,9
761,761,9
762,762,9
763,763,9
764,764,9
765,765,9
766,766,9
767,767,9
768,768,9
769,769,9
770,770,9
771,771,9
772,772,9
773,773,9
774,774,9
775,775,9
776,776,9
777,777,9
778,778,9
779,779,9
780,780,9
781,781,9
782,782,9
783,783,9
784,784,9
785,785,9
786,786,9
787,787,9
788,788,9
789,789,9
790,790,9
791,791,9
792,792,9
793,793,9
794,794,9
795,795,9
796,796,9
797,797,9
798,798,9
799,799,9
800,800,9
801,801,9
802,802,9
803,803,9
804,804,9
805,805,9
806,806,9
807,807,9
808,808,9
809,809,9
810,810,9
811,811,9
812,812,9
813,813,9
814,814,9
815,815,9
816,816,9
817,817,9
818,818,9
819,819,9
820,820,9
821,821,9
822,822,9
823,823,9
824,824,9
825,825,9
826,826,9
827,827,9
828,828,9
829,829,9
830,830,9
831,831,9
832,832,9
833,833,9
834,834,9
835,835,9
836,836,9
837,837,9
838,838,9
839,839,9
840,840,9
841,841,9
842,842,9
843,843,9
844,844,9
845,845,9
846,846,9
847,847,9
848,848,9
849,849,9
850,850,9
851,851,9
852,852,9
853,853,9
854,854,9
855,855,9
856,856,9
857,857,9
858,858,9
859,859,9
860,860,9
861,861,9
862,862,9
863,863,9
864,864,9
865,865,9
866,866,9
867,867,9
868,868,9
869,869,9
870,870,9
871,871,9
872,872,9
873,873,9
874,874,9
875,875,9
876,876,9
877,877,9
878,878,9
879,879,9
880,880,9
881,881,9
882,882,9
883,883,9
884,884,9
885,885,9
886,886,9
887,887,9
888,888,9
889,889,9
890,890,9
891,891,9
892,892,9
893,893,9
894,894,9
895,895,9
896,896,9
897,897,9
898,898,9
899,899,9
900,900,9
901,901,9
902,902,9
903,903,9
904,904,9
905,905,9
906,906,9
907,907,9
908,908,9
909,909,9
910,910,9
911,911,9
912,912,9
913,913,9
914,914,9
915,915,9
916,916,9
917,917,9
918,918,9
919,919,9
920,920,9
921,921,9
922,922,9
923,923,9
924,924,9
925,925,9
926,926,9
927,927,9
928,928,9
929,929,9
930,930,9
931,931,9
932,932,9
933,933,9
934,934,9
935,935,9
936,936,9
937,937,9
938,938,9
939,939,9
940,940,9
941,941,9
942,942,9
943,943,9
944,944,9
945,945,9
946,946,9
947,947,9
948,948,9
949,949,9
950,950,9
951,951,9
952,952,9
953,953,9
954,954,9
955,955,9
956,956,9
957,957,9
958,958,9
959,959,9
960,960,9
961,961,9
962,962,9
963,963,9
964,964,9
965,965,9
966,966,9
967,967,9
968,968,9
969,969,9
970,970,9
971,971,9
972,972,9
973,973,9
974,974,9
975,975,9
976,976,9
977,977,9
978,978,9
979,979,9
980,980,9
981,981,9
982,982,9
983,983,9
984,984,9
985,985,9
986,986,9
987,987,9
988,988,9
989,989,9
990,990,9
991,991,9
992,992,9
993,993,9
994,994,9
995,995,9
996,996,9
997,997,9
998,998,9
999,999,9
1000,1000,9
1001,1001,9
1002,1002,9
1003,1003,9
1004,1004,9
1005,1005,9
1006,1006,9
1007,1007,9
1008,1008,9
1009,1009,9
1010,1010,9
1011,1011,9
1012,1012,9
1013,1013,9
1014,1014,9
1015,1015,9
1016,1016,9
1017,1017,9
1018,1018,9
1019,1019,9
1020,1020,9
1021,1021,9
1022,1022,9
1023,1023,9
1024,1024,9
1025,1025,9
1026,1026,9
1027,1027,9
1028,1028,9
1029,1029,9
1030,1030,9
1031,1031,9
1032,1032,9
1033,1033,9
1034,1034,9
1035,1035,9
1036,1036,9
1037,1037,9
1038,1038,9
1039,1039,9
1040,1040,9
1041,1041,9
1042,1042,9
1043,1043,9
1044,1044,9
1045,1045,9
1046,1046,9
1047,1047,9
1048,1048,9
1049,1049,9
1050,1050,9
1051,1051,9
1052,1052,9
1053,1053,9
1054,1054,9
1055,1055,9
1056,1056,9
1057,1057,9
1058,1058,9
1059,1059,9
1060,1060,9
1061,1061,9
1062,1062,9
1063,1063,9
1064,1064,9
1065,1065,9
1066,1066,9
1067,1067,9
1068,1068,9
1069,1069,9
1070,1070,9
1071,1071,9
1072,1072,9
1073,1073,9
1074,1074,9
1075,1075,9
1076,1076,9
1077,1077,9
1078,1078,9
1079,1079,9
1080,1080,9
1081,1081,9
1082,1082,9
1083,1083,9
1084,1084,9
1085,1085,9
1086,1086,9
1087,1087,9
1088,1088,9
1089,1089,9
1090,1090,9
1091,1091,9
1092,1092,9
1093,1093,9
1094,1094,9
1095,1095,9
1096,1096,9
1097,1097,9
1098,1098,9
1099,1099,9
1100,1100,9
1101,1101,9
1102,1102,9
1103,1103,9
1104,1104,9
1105,1105,9
1106,1106,9
1107,1107,9
1108,1108,9
1109,1109,9
1110,1110,9
1111,1111,9
1112,1112,9
1113,1113,9
1114,1114,9
1115,1115,9
1116,1116,9
1117,1117,9
1118,1118,9
1119,1119,9
1120,1120,9
1121,1121,9
1122,1122,9
1123,1123,9
1124,1124,9
1125,1125,9
1126,1126,9
1127,1127,9
1128,1128,9
1129,1129,9
1130,1130,9
1131,1131,9
1132,1132,9
1133,1133,9
1134,1134,9
1135,1135,9
1136,1136,9
1137,1137,9
1138,1138,9
1139,1139,9
1140,1140,9
1141,1141,9
1142,1142,9
1143,1143,9
1144,1144,9
1145,1145,9
1146,1146,9
1147,1147,9
1148,1148,9
1149,1149,9
1150,1150,9
1151,1151,9
1152,1152,9
1153,1153,9
1154,1154,9
1155,1155,9
1156,1156,9
1157,1157,9
1158,1158,9
1159,1159,9
1160,1160,9
1161,1161,9
1162,1162,9
1163,1163,9
1164,1164,9
1165,1165,9
1166,1166,9
1167,1167,9
1168,1168,9
1169,1169,9
1170,1170,9
1171,1171,9
1172,1172,9
1173,1173,9
1174,1174,9
1175,1175,9
1176,1176,9
1177,1177,9
1178,1178,9
1179,1179,9
1180,1180,9
1181,1181,9
1182,1182,9
1183,1183,9
1184,1184,9
1185,1185,9
1186,1186,9
1187,1187,9
1188,1188,9
1189,1189,9
1190,1190,9
1191,1191,9
1192,1192,9
1193,1193,9
1194,1194,9
1195,1195,9
1196,1196,9
1197,1197,9
1198,1198,9
1199,1199,9
1200,1200,9
1201,1201,9
1202,1202,9
1203,1203,9
1204,1204,9
1205,1205,9
1206,1206,9
1207,1207,9
1208,1208,9
1209,1209,9
1210,1210,9
1211,1211,9
1212,1212,9
1213,1213,9
1214,1214,9
1215,1215,9
1216,1216,9
1217,1217,9
1218,1218,9
1219,1219,9
1220,1220,9
1221,1221,9
1222,1222,9
1223,1223,9
1224,1224,9
1225,1225,9
1226,1226,9
1227,1227,9
1228,1228,9
1229,1229,9
1230,1230,9
1231,1231,9
1232,1232,9
1233,1233,9
1234,1234,9
1235,1235,9
1236,1236,9
1237,1237,9
1238,1238,9
1239,1239,9
1240,1240,9
1241,1241,9
1242,1242,9
1243,1243,9
1244,1244,9
1245,1245,9
1246,1246,9
1247,1247,9
1248,1248,9
1249,1249,9
1250,1250,9
1251,1251,9
1252,1252,9
1253,1253,9
1254,1254,9
1255,1255,9
1256,1256,9
1257,1257,9
1258,1258,9
1259,1259,9
1260,1260,9
1261,1261,9
1262,1262,9
1263,1263,9
1264,1264,9
1265,1265,9
1266,1266,9
1267,1267,9
1268,1268,9
1269,1269,9
1270,1270,9
1271,1271,9
1272,1272,9
1273,1273,9
1274,1274,9
1275,1275,9
1276,1276,9
1277,1277,9
1278,1278,9
1279,1279,9
1280,1280,9
1281,1281,9
1282,1282,9
1283,1283,9
1284,1284,9
1285,1285,9
1286,1286,9
1287,1287,9
1288,1288,9
1289,1289,9
1290,1290,9
1291,1291,9
1292,1292,9
1293,1293,9
1294,1294,9
1295,1295,9
1296,1296,9
1297,1297,9
1298,1298,9
1299,1299,9
1300,1300,9
1301,1301,9
1302,1302,9
1303,1303,9
1304,1304,9
1305,1305,9
1306,1306,9
1307,1307,9
1308,1308,9
1309,1309,9
1310,1310,9
1311,1311,9
1312,1312,9
1313,1313,9
1314,1314,9
1315,1315,9
1316,1316,9
1317,1317,9
1318,1318,9
1319,1319,9
1320,1320,9
1321,1321,9
1322,1322,9
1323,1323,9
1324,1324,9
1325,1325,9
1326,1326,9
1327,1327,9
1328,1328,9
1329,1329,9
1330,1330,9
1331,1331,9
1332,1332,9
1333,1333,9
1334,1334,9
1335,1335,9
1336,1336,9
1337,1337,9
1338,1338,9
1339,1339,9
1340,1340,9
1341,1341,9
1342,1342,9
1343,1343,9
1344,1344,9
1345,1345,9
1346,1346,9
1347,1347,9
1348,1348,9
1349,1349,9
1350,1350,9
1351,1351,9
1352,1352,9
1353,1353,9
1354,1354,9
1355,1355,9
1356,1356,9
1357,1357,9
1358,1358,9
1359,1359,9
1360,1360,9
1361,1361,9
1362,1362,9
1363,1363,9
1364,1364,9
1365,1365,9
1366,1366,9
1367,1367,9
1368,1368,9
1369,1369,9
1370,1370,9
1371,1371,9
1372,1372,9
1373,1373,9
1374,1374,9
1375,1375,9
1376,1376,9
1377,1377,9
1378,1378,9
1379,1379,9
1380,1380,9
1381,1381,9
1382,1382,9
1383,1383,9
1384,1384,9
1385,1385,9
1386,1386,9
1387,1387,9
1388,1388,9
1389,1389,9
1390,1390,9
1391,1391,9
1392,1392,9
1393,1393,9
1394,1394,9
1395,1395,9
1396,1396,9
1397,1397,9
1398,1398,9
1399,1399,9
1400,1400,9
1401,1401,9
1402,1402,9
1403,1403,9
1404,1404,9
1405,1405,9
1406,1406,9
1407,1407,9
1408,1408,9
1409,1409,9
1410,1410,9
1411,1411,9
1412,1412,9
1413,1413,9
1414,1414,9
1415,1415,9
1416,1416,9
1417,1417,9
1418,1418,9
1419,1419,9
1420,1420,9
1421,1421,9
1422,1422,9
1423,1423,9
1424,1424,9
1425,1425,9
1426,1426,9
1427,1427,9
1428,1428,9
1429,1429,9
1430,1430,9
1431,1431,9
1432,1432,9
1433,1433,9
1434,1434,9
1435,1435,9
1436,1436,9
1437,1437,9
1438,1438,9
1439,1439,9
1440,1440,9
1441,1441,9
1442,1442,9
1443,1443,9
1444,1444,9
1445,1445,9
1446,1446,9
1447,1447,9
1448,1448,9
1449,1449,9
1450,1450,9
1451,1451,9
1452,1452,9
1453,1453,9
1454,1454,9
1455,1455,9
1456,1456,9
1457,1457,9
1458,1458,9
1459,1459,9
1460,1460,9
1461,1461,9
1462,1462,9
1463,1463,9
1464,1464,9
1465,1465,9
1466,1466,9
1467,1467,9
1468,1468,9
1469,1469,9
1470,1470,9
1471,1471,9
1472,1472,9
1473,1473,9
1474,1474,9
1475,1475,9
1476,1476,9
1477,1477,9
1478,1478,9
1479,1479,9
1480,1480,9
1481,1481,9
1482,1482,9
1483,1483,9
1484,1484,9
1485,1485,9
1486,1486,9
1487,1487,9
1488,1488,9
1489,1489,9
1490,1490,9
1491,1491,9
1492,1492,9
1493,1493,9
1494,1494,9
1495,1495,9
1496,1496,9
1497,1497,9
1498,1498,9
1499,1499,9
1500,1500,9
1501,1501,9
1502,1502,9
1503,1503,9
1504,1504,9
1505,1505,9
1506,1506,9
1507,1507,9
1508,1508,9
1509,1509,9
1510,1510,9
1511,1511,9
1512,1512,9
1513,1513,9
1514,1514,9
1515,1515,9
1516,1516,9
1517,1517,9
1518,1518,9
1519,1519,9
1520,1520,9
1521,1521,9
1522,1522,9
1523,1523,9
1524,1524,9
1525,1525,9
1526,1526,9
1527,1527,9
1528,1528,9
1529,1529,9
1530,1530,9
1531,1531,9
1532,1532,9
1533,1533,9
1534,1534,9
1535,1535,9
1536,1536,9
1537,1537,9
1538,1538,9
1539,1539,9
1540,1540,9
1541,1541,9
1542,1542,9
1543,1543,9
1544,1544,9
1545,1545,9
1546,1546,9
1547,1547,9
1548,1548,9
1549,1549,9
1550,1550,9
1551,1551,9
1552,1552,9
1553,1553,9
1554,1554,9
1555,1555,9
1556,1556,9
1557,1557,9
1558,1558,9
1559,1559,9
1560,1560,9
1561,1561,9
1562,1562,9
1563,1563,9
1564,1564,9
1565,1565,9
1566,1566,9
1567,1567,9
1568,1568,9
1569,1569,9
1570,1570,9
1571,1571,9
1572,1572,9
1573,1573,9
1574,1574,9
1575,1575,9
1576,1576,9
1577,1577,9
1578,1578,9
1579,1579,9
1580,1580,9
1581,1581,9
1582,1582,9
1583,1583,9
1584,1584,9
1585,1585,9
1586,1586,9
1587,1587,9
1588,1588,9
1589,1589,9
1590,1590,9
1591,1591,9
1592,1592,9
1593,1593,9
1594,1594,9
1595,1595,9
1596,1596,9
1597,1597,9
1598,1598,9
1599,1599,9
1600,1600,9
1601,1601,9
1602,1602,9
1603,1603,9
1604,1604,9
1605,1605,9
1606,1606,9
1607,1607,9
1608,1608,9
1609,1609,9
1610,1610,9
1611,1611,9
1612,1612,9
1613,1613,9
1614,1614,9
1615,1615,9
1616,1616,9
1617,1617,9
1618,1618,9
1619,1619,9
1620,1620,9
1621,1621,9
1622,1622,9
1623,1623,9
1624,1624,9
1625,1625,9
1626,1626,9
1627,1627,9
1628,1628,9
1629,1629,9
1630,1630,9
1631,1631,9
1632,1632,9
1633,1633,9
1634,1634,9
1635,1635,9
1636,1636,9
1637,1637,9
1638,1638,9
1639,1639,9
1640,1640,9
1641,1641,9
1642,1642,9
1643,1643,9
1644,1644,9
1645,1645,9
1646,1646,9
1647,1647,9
1648,1648,9
1649,1649,9
1650,1650,9
1651,1651,9
1652,1652,9
1653,1653,9
1654,1654,9
1655,1655,9
1656,1656,9
1657,1657,9
1658,1658,9
1659,1659,9
1660,1660,9
1661,1661,9
1662,1662,9
1663,1663,9
1664,1664,9
1665,1665,9
1666,1666,9
1667,1667,9
1668,1668,9
1669,1669,9
1670,1670,9
1671,1671,9
1672,1672,9
1673,1673,9
1674,1674,9
1675,1675,9
1676,1676,9
1677,1677,9
1678,1678,9
1679,1679,9
1680,1680,9
1681,1681,9
1682,1682,9
1683,1683,9
1684,1684,9
1685,1685,9
1686,1686,9
1687,1687,9
1688,1688,9
1689,1689,9
1690,1690,9
1691,1691,9
1692,1692,9
1693,1693,9
1694,1694,9
1695,1695,9
1696,1696,9
1697,1697,9
1698,1698,9
1699,1699,9
1700,1700,9
1701,1701,9
1702,1702,9
1703,1703,9
1704,1704,9
1705,1705,9
1706,1706,9
1707,1707,9
1708,1708,9
1709,1709,9
1710,1710,9
1711,1711,9
1712,1712,9
1713,1713,9
1714,1714,9
1715,1715,9
1716,1716,9
1717,1717,9
1718,1718,9
1719,1719,9
1720,1720,9
1721,1721,9
1722,1722,9
1723,1723,9
1724,1724,9
1725,1725,9
1726,1726,9
1727,1727,9
1728,1728,9
1729,1729,9
1730,1730,9
1731,1731,9
1732,1732,9
1733,1733,9
1734,1734,9
1735,1735,9
1736,1736,9
1737,1737,9
1738,1738,9
1739,1739,9
1740,1740,9
1741,1741,9
1742,1742,9
1743,1743,9
1744,1744,9
1745,1745,9
1746,1746,9
1747,1747,9
1748,1748,9
1749,1749,9
1750,1750,9
1751,1751,9
1752,1752,9
1753,1753,9
1754,1754,9
1755,1755,9
1756,1756,9
1757,1757,9
1758,1758,9
1759,1759,9
1760,1760,9
1761,1761,9
1762,1762,9
1763,1763,9
1764,1764,9
1765,1765,9
1766,1766,9
1767,1767,9
1768,1768,9
1769,1769,9
1770,1770,9
1771,1771,9
1772,1772,9
1773,1773,9
1774,1774,9
1775,1775,9
1776,1776,9
1777,1777,9
1778,1778,9
1779,1779,9
1780,1780,9
1781,1781,9
1782,1782,9
1783,1783,9
1784,1784,9
1785,1785,9
1786,1786,9
1787,1787,9
1788,1788,9
1789,1789,9
1790,1790,9
1791,1791,9
1792,1792,9
1793,1793,9
1794,1794,9
1795,1795,9
1796,1796,9
1797,1797,9
1798,1798,9
1799,1799,9
1800,1800,9
1801,1801,9
1802,1802,9
1803,1803,9
1804,1804,9
1805,1805,9
1806,1806,9
1807,1807,9
1808,1808,9
1809,1809,9
1810,1810,9
1811,1811,9
1812,1812,9
1813,1813,9
1814,1814,9
1815,1815,9
1816,1816,9
1817,1817,9
1818,1818,9
1819,1819,9
1820,1820,9
1821,1821,9
1822,1822,9
1823,1823,9
1824,1824,9
1825,1825,9
1826,1826,9
1827,1827,9
1828,1828,9
1829,1829,9
1830,1830,9
1831,1831,9
1832,1832,9
1833,1833,9
1834,1834,9
1835,1835,9
1836,1836,9
1837,1837,9
1838,1838,9
1839,1839,9
1840,1840,9
1841,1841,9
1842,1842,9
1843,1843,9
1844,1844,9
1845,1845,9
1846,1846,9
1847,1847,9
1848,1848,9
1849,1849,9
1850,1850,9
1851,1851,9
1852,1852,9
1853,1853,9
1854,1854,9
1855,1855,9
1856,1856,9
1857,1857,9
1858,1858,9
1859,1859,9
1860,1860,9
1861,1861,9
1862,1862,9
1863,1863,9
1864,1864,9
1865,1865,9
1866,1866,9
1867,1867,9
1868,1868,9
1869,1869,9
1870,1870,9
1871,1871,9
1872,1872,9
1873,1873,9
1874,1874,9
1875,1875,9
1876,1876,9
1877,1877,9
1878,1878,9
1879,1879,9
1880,1880,9
1881,1881,9
1882,1882,9
1883,1883,9
1884,1884,9
1885,1885,9
1886,1886,9
1887,1887,9
1888,1888,9
1889,1889,9
1890,1890,9
1891,1891,9
1892,1892,9
1893,1893,9
1894,1894,9
1895,1895,9
1896,1896,9
1897,1897,9
1898,1898,9
1899,1899,9
1900,1900,9
1901,1901,9
1902,1902,9
1903,1903,9
1904,1904,9
1905,1905,9
1906,1906,9
1907,1907,9
1908,1908,9
1909,1909,9
1910,1910,9
1911,1911,9
1912,1912,9
1913,1913,9
1914,1914,9
1915,1915,9
1916,1916,9
1917,1917,9
1918,1918,9
1919,1919,9
1920,1920,9
1921,1921,9
1922,1922,9
1923,1923,9
1924,1924,9
1925,1925,9
1926,1926,9
1927,1927,9
1928,1928,9
1929,1929,9
1930,1930,9
1931,1931,9
1932,1932,9
1933,1933,9
1934,1934,9
1935,1935,9
1936,1936,9
1937,1937,9
1938,1938,9
1939,1939,9
1940,1940,9
1941,1941,9
1942,1942,9
1943,1943,9
1944,1944,9
1945,1945,9
1946,1946,9
1947,1947,9
1948,1948,9
1949,1949,9
1950,1950,9
1951,1951,9
1952,1952,9
1953,1953,9
1954,1954,9
1955,1955,9
1956,1956,9
1957,1957,9
1958,1958,9
1959,1959,9
1960,1960,9
1961,1961,9
1962,1962,9
1963,1963,9
1964,1964,9
1965,1965,9
1966,1966,9
1967,1967,9
1968,1968,9
1969,1969,9
1970,1970,9
1971,1971,9
1972,1972,9
1973,1973,9
1974,1974,9
1975,1975,9
1976,1976,9
1977,1977,9
1978,1978,9
1979,1979,9
1980,1980,9
1981,1981,9
1982,1982,9
1983,1983,9
1984,1984,9
1985,1985,9
1986,1986,9
1987,1987,9
1988,1988,9
1989,1989,9
1990,1990,9
1991,1991,9
1992,1992,9
1993,1993,9
1994,1994,9
1995,1995,9
1996,1996,9
1997,1997,9
1998,1998,9
1999,1999,9
2000,2000,9
2001,2001,9
2002,2002,9
2003,2003,9
2004,2004,9
2005,2005,9
2006,2006,9
2007,2007,9
2008,2008,9
2009,2009,9
2010,2010,9
2011,2011,9
2012,2012,9
2013,2013,9
2014,2014,9
2015,2015,9
2016,2016,9
2017,2017,9
2018,2018,9
2019,2019,9
2020,2020,9
2021,2021,9
2022,2022,9
2023,2023,9
2024,2024,9
2025,2025,9
2026,2026,9
2027,2027,9
2028,2028,9
2029,2029,9
2030,2030,9
2031,2031,9
2032,2032,9
2033,2033,9
2034,2034,9
2035,2035,9
2036,2036,9
2037,2037,9
2038,2038,9
2039,2039,9
2040,2040,9
2041,2041,9
2042,2042,9
2043,2043,9
2044,2044,9
2045,2045,9
2046,2046,9
2047,2047,9
2048,2048,9
2049,2049,9
2050,2050,9
2051,2051,9
2052,2052,9
2053,2053,9
2054,2054,9
2055,2055,9
2056,2056,9
2057,2057,9
2058,2058,9
2059,2059,9
2060,2060,9
2061,2061,9
2062,2062,9
2063,2063,9
2064,2064,9
2065,2065,9
2066,2066,9
2067,2067,9
2068,2068,9
2069,2069,9
2070,2070,9
2071,2071,9
2072,2072,9
2073,2073,9
2074,2074,9
2075,2075,9
2076,2076,9
2077,2077,9
2078,2078,9
2079,2079,9
2080,2080,9
2081,2081,9
2082,2082,9
2083,2083,9
2084,2084,9
2085,2085,9
2086,2086,9
2087,2087,9
2088,2088,9
2089,2089,9
2090,2090,9
2091,2091,9
2092,2092,9
2093,2093,9
2094,2094,9
2095,2095,9
2096,2096,9
2097,2097,9
2098,2098,9
2099,2099,9
2100,2100,9
2101,2101,9
2102,2102,9
2103,2103,9
2104,2104,9
2105,2105,9
2106,2106,9
2107,2107,9
2108,2108,9
2109,2109,9
2110,2110,9
2111,2111,9
2112,2112,9
2113,2113,9
2114,2114,9
2115,2115,9
2116,2116,9
2117,2117,9
2118,2118,9
2119,2119,9
2120,2120,9
2121,2121,9
2122,2122,9
2123,2123,9
2124,2124,9
2125,2125,9
2126,2126,9
2127,2127,9
2128,2128,9
2129,2129,9
2130,2130,9
2131,2131,9
2132,2132,9
2133,2133,9
2134,2134,9
2135,2135,9
2136,2136,9
2137,2137,9
2138,2138,9
2139,2139,9
2140,2140,9
2141,2141,9
2142,2142,9
2143,2143,9
2144,2144,9
2145,2145,9
2146,2146,9
2147,2147,9
2148,2148,9
2149,2149,9
2150,2150,9
2151,2151,9
2152,2152,9
2153,2153,9
2154,2154,9
2155,2155,9
2156,2156,9
2157,2157,9
2158,2158,9
2159,2159,9
2160,2160,9
2161,2161,9
2162,2162,9
2163,2163,9
2164,2164,9
2165,2165,9
2166,2166,9
2167,2167,9
2168,2168,9
2169,2169,9
2170,2170,9
2171,2171,9
2172,2172,9
2173,2173,9
2174,2174,9
2175,2175,9
2176,2176,9
2177,2177,9
2178,2178,9
2179,2179,9
2180,2180,9
2181,2181,9
2182,2182,9
2183,2183,9
2184,2184,9
2185,2185,9
2186,2186,9
2187,2187,9
2188,2188,9
2189,2189,9
2190,2190,9
2191,2191,9
2192,2192,9
2193,2193,9
2194,2194,9
2195,2195,9
2196,2196,9
2197,2197,9
2198,2198,9
2199,2199,9
2200,2200,9
2201,2201,9
2202,2202,9
2203,2203,9
2204,2204,9
2205,2205,9
2206,2206,9
2207,2207,9
2208,2208,9
2209,2209,9
2210,2210,9
2211,2211,9
2212,2212,9
2213,2213,9
2214,2214,9
2215,2215,9
2216,2216,9
2217,2217,9
2218,2218,9
2219,2219,9
2220,2220,9
2221,2221,9
2222,2222,9
2223,2223,9
2224,2224,9
2225,2225,9
2226,2226,9
2227,2227,9
2228,2228,9
2229,2229,9
2230,2230,9
2231,2231,9
2232,2232,9
2233,2233,9
2234,2234,9
2235,2235,9
2236,2236,9
2237,2237,9
2238,2238,9
2239,2239,9
2240,2240,9
2241,2241,9
2242,2242,9
2243,2243,9
2244,2244,9
2245,2245,9
2246,2246,9
2247,2247,9
2248,2248,9
2249,2249,9
2250,2250,9
2251,2251,9
2252,2252,9
2253,2253,9
2254,2254,9
2255,2255,9
2256,2256,9
2257,2257,9
2258,2258,9
2259,2259,9
2260,2260,9
2261,2261,9
2262,2262,9
2263,2263,9
2264,2264,9
2265,2265,9
2266,2266,9
2267,2267,9
2268,2268,9
2269,2269,9
2270,2270,9
2271,2271,9
2272,2272,9
2273,2273,9
2274,2274,9
2275,2275,9
2276,2276,9
2277,2277,9
2278,2278,9
2279,2279,9
2280,2280,9
2281,2281,9
2282,2282,9
2283,2283,9
2284,2284,9
2285,2285,9
2286,2286,9
2287,2287,9
2288,2288,9
2289,2289,9
2290,2290,9
2291,2291,9
2292,2292,9
2293,2293,9
2294,2294,9
2295,2295,9
2296,2296,9
2297,2297,9
2298,2298,9
2299,2299,9
2300,2300,9
2301,2301,9
2302,2302,9
2303,2303,9
2304,2304,9
2305,2305,9
2306,2306,9
2307,2307,9
2308,2308,9
2309,2309,9
2310,2310,9
2311,2311,9
2312,2312,9
2313,2313,9
2314,2314,9
2315,2315,9
2316,2316,9
2317,2317,9
2318,2318,9
2319,2319,9
2320,2320,9
2321,2321,9
2322,2322,9
2323,2323,9
2324,2324,9
2325,2325,9
2326,2326,9
2327,2327,9
2328,2328,9
2329,2329,9
2330,2330,9
2331,2331,9
2332,2332,9
2333,2333,9
2334,2334,9
2335,2335,9
2336,2336,9
2337,2337,9
2338,2338,9
2339,2339,9
2340,2340,9
2341,2341,9
2342,2342,9
2343,2343,9
2344,2344,9
2345,2345,9
2346,2346,9
2347,2347,9
2348,2348,9
2349,2349,9
2350,2350,9
2351,2351,9
2352,2352,9
2353,2353,9
2354,2354,9
2355,2355,9
2356,2356,9
2357,2357,9
2358,2358,9
2359,2359,9
2360,2360,9
2361,2361,9
2362,2362,9
2363,2363,9
2364,2364,9
2365,2365,9
2366,2366,9
2367,2367,9
2368,2368,9
2369,2369,9
2370,2370,9
2371,2371,9
2372,2372,9
2373,2373,9
2374,2374,9
2375,2375,9
2376,2376,9
2377,2377,9
2378,2378,9
2379,2379,9
2380,2380,9
2381,2381,9
2382,2382,9
2383,2383,9
2384,2384,9
2385,2385,9
2386,2386,9
2387,2387,9
2388,2388,9
2389,2389,9
2390,2390,9
2391,2391,9
2392,2392,9
2393,2393,9
2394,2394,9
2395,2395,9
2396,2396,9
2397,2397,9
2398,2398,9
2399,2399,9
2400,2400,9
2401,2401,9
2402,2402,9
2403,2403,9
2404,2404,9
2405,2405,9
2406,2406,9
2407,2407,9
2408,2408,9
2409,2409,9
2410,2410,9
2411,2411,9
2412,2412,9
2413,2413,9
2414,2414,9
2415,2415,9
2416,2416,9
2417,2417,9
2418,2418,9
2419,2419,9
2420,2420,9
2421,2421,9
2422,2422,9
2423,2423,9
2424,2424,9
2425,2425,9
2426,2426,9
2427,2427,9
2428,2428,9
2429,2429,9
2430,2430,9
2431,2431,9
2432,2432,9
2433,2433,9
2434,2434,9
2435,2435,9
2436,2436,9
2437,2437,9
2438,2438,9
2439,2439,9
2440,2440,9
2441,2441,9
2442,2442,9
2443,2443,9
2444,2444,9
2445,2445,9
2446,2446,9
2447,2447,9
2448,2448,9
2449,2449,9
2450,2450,9
2451,2451,9
2452,2452,9
2453,2453,9
2454,2454,9
2455,2455,9
2456,2456,9
2457,2457,9
2458,2458,9
2459,2459,9
2460,2460,9
2461,2461,9
2462,2462,9
2463,2463,9
2464,2464,9
2465,2465,9
2466,2466,9
2467,2467,9
2468,2468,9
2469,2469,9
2470,2470,9
2471,2471,9
2472,2472,9
2473,2473,9
2474,2474,9
2475,2475,9
2476,2476,9
2477,2477,9
2478,2478,9
2479,2479,9
2480,2480,9
2481,2481,9
2482,2482,9
2483,2483,9
2484,2484,9
2485,2485,9
2486,2486,9
2487,2487,9
2488,2488,9
2489,2489,9
2490,2490,9
2491,2491,9
2492,2492,9
2493,2493,9
2494,2494,9
2495,2495,9
2496,2496,9
2497,2497,9
2498,2498,9
2499,2499,9
2500,2500,9
2501,2501,9
2502,2502,9
2503,2503,9
2504,2504,9
2505,2505,9
2506,2506,9
2507,2507,9
2508,2508,9
2509,2509,9
2510,2510,9
2511,2511,9
2512,2512,9
2513,2513,9
2514,2514,9
2515,2515,9
2516,2516,9
2517,2517,9
2518,2518,9
2519,2519,9
2520,2520,9
2521,2521,9
2522,2522,9
2523,2523,9
2524,2524,9
2525,2525,9
2526,2526,9
2527,2527,9
2528,2528,9
2529,2529,9
2530,2530,9
2531,2531,9
2532,2532,9
2533,2533,9
2534,2534,9
2535,2535,9
2536,2536,9
2537,2537,9
2538,2538,9
2539,2539,9
2540,2540,9
2541,2541,9
2542,2542,9
2543,2543,9
2544,2544,9
2545,2545,9
2546,2546,9
2547,2547,9
2548,2548,9
2549,2549,9
2550,2550,9
2551,2551,9
2552,2552,9
2553,2553,9
2554,2554,9
2555,2555,9
2556,2556,9
2557,2557,9
2558,2558,9
2559,2559,9
2560,2560,9
2561,2561,9
2562,2562,9
2563,2563,9
2564,2564,9
2565,2565,9
2566,2566,9
2567,2567,9
2568,2568,9
2569,2569,9
2570,2570,9
2571,2571,9
2572,2572,9
2573,2573,9
2574,2574,9
2575,2575,9
2576,2576,9
2577,2577,9
2578,2578,9
2579,2579,9
2580,2580,9
2581,2581,9
2582,2582,9
2583,2583,9
2584,2584,9
2585,2585,9
2586,2586,9
2587,2587,9
2588,2588,9
2589,2589,9
2590,2590,9
2591,2591,9
2592,2592,9
2593,2593,9
2594,2594,9
2595,2595,9
2596,2596,9
2597,2597,9
2598,2598,9
2599,2599,9
2600,2600,9
2601,2601,9
2602,2602,9
2603,2603,9
2604,2604,9
2605,2605,9
2606,2606,9
2607,2607,9
2608,2608,9
2609,2609,9
2610,2610,9
2611,2611,9
2612,2612,9
2613,2613,9
2614,2614,9
2615,2615,9
2616,2616,9
2617,2617,9
2618,2618,9
2619,2619,9
2620,2620,9
2621,2621,9
2622,2622,9
2623,2623,9
2624,2624,9
2625,2625,9
2626,2626,9
2627,2627,9
2628,2628,9
2629,2629,9
2630,2630,9
2631,2631,9
2632,2632,9
2633,2633,9
2634,2634,9
2635,2635,9
2636,2636,9
2637,2637,9
2638,2638,9
2639,2639,9
2640,2640,9
2641,2641,9
2642,2642,9
2643,2643,9
2644,2644,9
2645,2645,9
2646,2646,9
2647,2647,9
2648,2648,9
2649,2649,9
2650,2650,9
2651,2651,9
2652,2652,9
2653,2653,9
2654,2654,9
2655,2655,9
2656,2656,9
2657,2657,9
2658,2658,9
2659,2659,9
2660,2660,9
2661,2661,9
2662,2662,9
2663,2663,9
2664,2664,9
2665,2665,9
2666,2666,9
2667,2667,9
2668,2668,9
2669,2669,9
2670,2670,9
2671,2671,9
2672,2672,9
2673,2673,9
2674,2674,9
2675,2675,9
2676,2676,9
2677,2677,9
2678,2678,9
2679,2679,9
2680,2680,9
2681,2681,9
2682,2682,9
2683,2683,9
2684,2684,9
2685,2685,9
2686,2686,9
2687,2687,9
2688,2688,9
2689,2689,9
2690,2690,9
2691,2691,9
2692,2692,9
2693,2693,9
2694,2694,9
2695,2695,9
2696,2696,9
2697,2697,9
2698,2698,9
2699,2699,9
2700,2700,9
2701,2701,9
2702,2702,9
2703,2703,9
2704,2704,9
2705,2705,9
2706,2706,9
2707,2707,9
2708,2708,9
2709,2709,9
2710,2710,9
2711,2711,9
2712,2712,9
2713,2713,9
2714,2714,9
2715,2715,9
2716,2716,9
2717,2717,9
2718,2718,9
2719,2719,9
2720,2720,9
2721,2721,9
2722,2722,9
2723,2723,9
2724,2724,9
2725,2725,9
2726,2726,9
2727,2727,9
2728,2728,9
2729,2729,9
2730,2730,9
2731,2731,9
2732,2732,9
2733,2733,9
2734,2734,9
2735,2735,9
2736,2736,9
2737,2737,9
2738,2738,9
2739,2739,9
2740,2740,9
2741,2741,9
2742,2742,9
2743,2743,9
2744,2744,9
2745,2745,9
2746,2746,9
2747,2747,9
2748,2748,9
2749,2749,9
2750,2750,9
2751,2751,9
2752,2752,9
2753,2753,9
2754,2754,9
2755,2755,9
2756,2756,9
2757,2757,9
2758,2758,9
2759,2759,9
2760,2760,9
2761,2761,9
2762,2762,9
2763,2763,9
2764,2764,9
2765,2765,9
2766,2766,9
2767,2767,9
2768,2768,9
2769,2769,9
2770,2770,9
2771,2771,9
2772,2772,9
2773,2773,9
2774,2774,9
2775,2775,9
2776,2776,9
2777,2777,9
2778,2778,9
2779,2779,9
2780,2780,9
2781,2781,9
2782,2782,9
2783,2783,9
2784,2784,9
2785,2785,9
2786,2786,9
2787,2787,9
2788,2788,9
2789,2789,9
2790,2790,9
2791,2791,9
2792,2792,9
2793,2793,9
2794,2794,9
2795,2795,9
2796,2796,9
2797,2797,9
2798,2798,9
2799,2799,9
2800,2800,9
2801,2801,9
2802,2802,9
2803,2803,9
2804,2804,9
2805,2805,9
2806,2806,9
2807,2807,9
2808,2808,9
2809,2809,9
2810,2810,9
2811,2811,9
2812,2812,9
2813,2813,9
2814,2814,9
2815,2815,9
2816,2816,9
2817,2817,9
2818,2818,9
2819,2819,9
2820,2820,9
2821,2821,9
2822,2822,9
2823,2823,9
2824,2824,9
2825,2825,9
2826,2826,9
2827,2827,9
2828,2828,9
2829,2829,9
2830,2830,9
2831,2831,9
2832,2832,9
2833,2833,9
2834,2834,9
2835,2835,9
2836,2836,9
2837,2837,9
2838,2838,9
2839,2839,9
2840,2840,9
2841,2841,9
2842,2842,9
2843,2843,9
2844,2844,9
2845,2845,9
2846,2846,9
2847,2847,9
2848,2848,9
2849,2849,9
2850,2850,9
2851,2851,9
2852,2852,9
2853,2853,9
2854,2854,9
2855,2855,9
2856,2856,9
2857,2857,9
2858,2858,9
2859,2859,9
2860,2860,9
2861,2861,9
2862,2862,9
2863,2863,9
2864,2864,9
2865,2865,9
2866,2866,9
2867,2867,9
2868,2868,9
2869,2869,9
2870,2870,9
2871,2871,9
2872,2872,9
2873,2873,9
2874,2874,9
2875,2875,9
2876,2876,9
2877,2877,9
2878,2878,9
2879,2879,9
2880,2880,9
2881,2881,9
2882,2882,9
2883,2883,9
2884,2884,9
2885,2885,9
2886,2886,9
2887,2887,9
2888,2888,9
2889,2889,9
2890,2890,9
2891,2891,9
2892,2892,9
2893,2893,9
2894,2894,9
2895,2895,9
2896,2896,9
2897,2897,9
2898,2898,9
2899,2899,9
2900,2900,9
2901,2901,9
2902,2902,9
2903,2903,9
2904,2904,9
2905,2905,9
2906,2906,9
2907,2907,9
2908,2908,9
2909,2909,9
2910,2910,9
2911,2911,9
2912,2912,9
2913,2913,9
2914,2914,9
2915,2915,9
2916,2916,9
2917,2917,9
2918,2918,9
2919,2919,9
2920,2920,9
2921,2921,9
2922,2922,9
2923,2923,9
2924,2924,9
2925,2925,9
2926,2926,9
2927,2927,9
2928,2928,9
2929,2929,9
2930,2930,9
2931,2931,9
2932,2932,9
2933,2933,9
2934,2934,9
2935,2935,9
2936,2936,9
2937,2937,9
2938,2938,9
2939,2939,9
2940,2940,9
2941,2941,9
2942,2942,9
2943,2943,9
2944,2944,9
2945,2945,9
2946,2946,9
2947,2947,9
2948,2948,9
2949,2949,9
2950,2950,9
2951,2951,9
2952,2952,9
2953,2953,9
2954,2954,9
2955,2955,9
2956,2956,9
2957,2957,9
2958,2958,9
2959,2959,9
2960,2960,9
2961,2961,9
2962,2962,9
2963,2963,9
2964,2964,9
2965,2965,9
2966,2966,9
2967,2967,9
2968,2968,9
2969,2969,9
2970,2970,9
2971,2971,9
2972,2972,9
2973,2973,9
2974,2974,9
2975,2975,9
2976,2976,9
2977,2977,9
2978,2978,9
2979,2979,9
2980,2980,9
2981,2981,9
2982,2982,9
2983,2983,9
2984,2984,9
2985,2985,9
2986,2986,9
2987,2987,9
2988,2988,9
2989,2989,9
2990,2990,9
2991,2991,9
2992,2992,9
2993,2993,9
2994,2994,9
2995,2995,9
2996,2996,9
2997,2997,9
2998,2998,9
2999,2999,9
3000,3000,9
3001,3001,9
3002,3002,9
3003,3003,9
3004,3004,9
3005,3005,9
3006,3006,9
3007,3007,9
3008,3008,9
3009,3009,9
3010,3010,9
3011,3011,9
3012,3012,9
3013,3013,9
3014,3014,9
3015,3015,9
3016,3016,9
3017,3017,9
3018,3018,9
3019,3019,9
3020,3020,9
3021,3021,9
3022,3022,9
3023,3023,9
3024,3024,9
3025,3025,9
3026,3026,9
3027,3027,9
3028,3028,9
3029,3029,9
3030,3030,9
3031,3031,9
3032,3032,9
3033,3033,9
3034,3034,9
3035,3035,9
3036,3036,9
3037,3037,9
3038,3038,9
3039,3039,9
3040,3040,9
3041,3041,9
3042,3042,9
3043,3043,9
3044,3044,9
3045,3045,9
3046,3046,9
3047,3047,9
3048,3048,9
3049,3049,9
3050,3050,9
3051,3051,9
3052,3052,9
3053,3053,9
3054,3054,9
3055,3055,9
3056,3056,9
3057,3057,9
3058,3058,9
3059,3059,9
3060,3060,9
3061,3061,9
3062,3062,9
3063,3063,9
3064,3064,9
3065,3065,9
3066,3066,9
3067,3067,9
3068,3068,9
3069,3069,9
3070,3070,9
3071,3071,9
3072,3072,9
3073,3073,9
3074,3074,9
3075,3075,9
3076,3076,9
3077,3077,9
3078,3078,9
3079,3079,9
3080,3080,9
3081,3081,9
3082,3082,9
3083,3083,9
3084,3084,9
3085,3085,9
3086,3086,9
3087,3087,9
3088,3088,9
3089,3089,9
3090,3090,9
3091,3091,9
3092,3092,9
3093,3093,9
3094,3094,9
3095,3095,9
3096,3096,9
3097,3097,9
3098,3098,9
3099,3099,9
3100,3100,9
3101,3101,9
3102,3102,9
3103,3103,9
3104,3104,9
3105,3105,9
3106,3106,9
3107,3107,9
3108,3108,9
3109,3109,9
3110,3110,9
3111,3111,9
3112,3112,9
3113,3113,9
3114,3114,9
3115,3115,9
3116,3116,9
3117,3117,9
3118,3118,9
3119,3119,9
3120,3120,9
3121,3121,9
3122,3122,9
3123,3123,9
3124,3124,9
3125,3125,9
3126,3126,9
3127,3127,9
3128,3128,9
3129,3129,9
3130,3130,9
3131,3131,9
3132,3132,9
3133,3133,9
3134,3134,9
3135,3135,9
3136,3136,9
3137,3137,9
3138,3138,9
3139,3139,9
3140,3140,9
3141,3141,9
3142,3142,9
3143,3143,9
3144,3144,9
3145,3145,9
3146,3146,9
3147,3147,9
3148,3148,9
3149,3149,9
3150,3150,9
3151,3151,9
3152,3152,9
3153,3153,9
3154,3154,9
3155,3155,9
3156,3156,9
3157,3157,9
3158,3158,9
3159,3159,9
3160,3160,9
3161,3161,9
3162,3162,9
3163,3163,9
3164,3164,9
3165,3165,9
3166,3166,9
3167,3167,9
3168,3168,9
3169,3169,9
3170,3170,9
3171,3171,9
3172,3172,9
3173,3173,9
3174,3174,9
3175,3175,9
3176,3176,9
3177,3177,9
3178,3178,9
3179,3179,9
3180,3180,9
3181,3181,9
3182,3182,9
3183,3183,9
3184,3184,9
3185,3185,9
3186,3186,9
3187,3187,9
3188,3188,9
3189,3189,9
3190,3190,9
3191,3191,9
3192,3192,9
3193,3193,9
3194,3194,9
3195,3195,9
3196,3196,9
3197,3197,9
3198,3198,9
3199,3199,9
3200,3200,9
3201,3201,9
3202,3202,9
3203,3203,9
3204,3204,9
3205,3205,9
3206,3206,9
3207,3207,9
3208,3208,9
3209,3209,9
3210,3210,9
3211,3211,9
3212,3212,9
3213,3213,9
3214,3214,9
3215,3215,9
3216,3216,9
3217,3217,9
3218,3218,9
3219,3219,9
3220,3220,9
3221,3221,9
3222,3222,9
3223,3223,9
3224,3224,9
3225,3225,9
3226,3226,9
3227,3227,9
3228,3228,9
3229,3229,9
3230,3230,9
3231,3231,9
3232,3232,9
3233,3233,9
3234,3234,9
3235,3235,9
3236,3236,9
3237,3237,9
3238,3238,9
3239,3239,9
3240,3240,9
3241,3241,9
3242,3242,9
3243,3243,9
3244,3244,9
3245,3245,9
3246,3246,9
3247,3247,9
3248,3248,9
3249,3249,9
3250,3250,9
3251,3251,9
3252,3252,9
3253,3253,9
3254,3254,9
3255,3255,9
3256,3256,9
3257,3257,9
3258,3258,9
3259,3259,9
3260,3260,9
3261,3261,9
3262,3262,9
3263,3263,9
3264,3264,9
3265,3265,9
3266,3266,9
3267,3267,9
3268,3268,9
3269,3269,9
3270,3270,9
3271,3271,9
3272,3272,9
3273,3273,9
3274,3274,9
3275,3275,9
3276,3276,9
3277,3277,9
3278,3278,9
3279,3279,9
3280,3280,9
3281,3281,9
3282,3282,9
3283,3283,9
3284,3284,9
3285,3285,9
3286,3286,9
3287,3287,9
3288,3288,9
3289,3289,9
3290,3290,9
3291,3291,9
3292,3292,9
3293,3293,9
3294,3294,9
3295,3295,9
3296,3296,9
3297,3297,9
3298,3298,9
3299,3299,9
3300,3300,9
3301,3301,9
3302,3302,9
3303,3303,9
3304,3304,9
3305,3305,9
3306,3306,9
3307,3307,9
3308,3308,9
3309,3309,9
3310,3310,9
3311,3311,9
3312,3312,9
3313,3313,9
3314,3314,9
3315,3315,9
3316,3316,9
3317,3317,9
3318,3318,9
3319,3319,9
3320,3320,9
3321,3321,9
3322,3322,9
3323,3323,9
3324,3324,9
3325,3325,9
3326,3326,9
3327,3327,9
3328,3328,9
3329,3329,9
3330,3330,9
3331,3331,9
3332,3332,9
3333,3333,9
3334,3334,9
3335,3335,9
3336,3336,9
3337,3337,9
3338,3338,9
3339,3339,9
3340,3340,9
3341,3341,9
3342,3342,9
3343,3343,9
3344,3344,9
3345,3345,9
3346,3346,9
3347,3347,9
3348,3348,9
3349,3349,9
3350,3350,9
3351,3351,9
3352,3352,9
3353,3353,9
3354,3354,9
3355,3355,9
3356,3356,9
3357,3357,9
3358,3358,9
3359,3359,9
3360,3360,9
3361,3361,9
3362,3362,9
3363,3363,9
3364,3364,9
3365,3365,9
3366,3366,9
3367,3367,9
3368,3368,9
3369,3369,9
3370,3370,9
3371,3371,9
3372,3372,9
3373,3373,9
3374,3374,9
3375,3375,9
3376,3376,9
3377,3377,9
3378,3378,9
3379,3379,9
3380,3380,9
3381,3381,9
3382,3382,9
3383,3383,9
3384,3384,9
3385,3385,9
3386,3386,9
3387,3387,9
3388,3388,9
3389,3389,9
3390,3390,9
3391,3391,9
3392,3392,9
3393,3393,9
3394,3394,9
3395,3395,9
3396,3396,9
3397,3397,9
3398,3398,9
3399,3399,9
3400,3400,9
3401,3401,9
3402,3402,9
3403,3403,9
3404,3404,9
3405,3405,9
3406,3406,9
3407,3407,9
3408,3408,9
3409,3409,9
3410,3410,9
3411,3411,9
3412,3412,9
3413,3413,9
3414,3414,9
3415,3415,9
3416,3416,9
3417,3417,9
3418,3418,9
3419,3419,9
3420,3420,9
3421,3421,9
3422,3422,9
3423,3423,9
3424,3424,9
3425,3425,9
3426,3426,9
3427,3427,9
3428,3428,9
3429,3429,9
3430,3430,9
3431,3431,9
3432,3432,9
3433,3433,9
3434,3434,9
3435,3435,9
3436,3436,9
3437,3437,9
3438,3438,9
3439,3439,9
3440,3440,9
3441,3441,9
3442,3442,9
3443,3443,9
3444,3444,9
3445,3445,9
3446,3446,9
3447,3447,9
3448,3448,9
3449,3449,9
3450,3450,9
3451,3451,9
3452,3452,9
3453,3453,9
3454,3454,9
3455,3455,9
3456,3456,9
3457,3457,9
3458,3458,9
3459,3459,9
3460,3460,9
3461,3461,9
3462,3462,9
3463,3463,9
3464,3464,9
3465,3465,9
3466,3466,9
3467,3467,9
3468,3468,9
3469,3469,9
3470,3470,9
3471,3471,9
3472,3472,9
3473,3473,9
3474,3474,9
3475,3475,9
3476,3476,9
3477,3477,9
3478,3478,9
3479,3479,9
3480,3480,9
3481,3481,9
3482,3482,9
3483,3483,9
3484,3484,9
3485,3485,9
3486,3486,9
3487,3487,9
3488,3488,9
3489,3489,9
3490,3490,9
3491,3491,9
3492,3492,9
3493,3493,9
3494,3494,9
3495,3495,9
3496,3496,9
3497,3497,9
3498,3498,9
3499,3499,9
3500,3500,9
3501,3501,9
3502,3502,9
3503,3503,9
3504,3504,9
3505,3505,9
3506,3506,9
3507,3507,9
3508,3508,9
3509,3509,9
3510,3510,9
3511,3511,9
3512,3512,9
3513,3513,9
3514,3514,9
3515,3515,9
3516,3516,9
3517,3517,9
3518,3518,9
3519,3519,9
3520,3520,9
3521,3521,9
3522,3522,9
3523,3523,9
3524,3524,9
3525,3525,9
3526,3526,9
3527,3527,9
3528,3528,9
3529,3529,9
3530,3530,9
3531,3531,9
3532,3532,9
3533,3533,9
3534,3534,9
3535,3535,9
3536,3536,9
3537,3537,9
3538,3538,9
3539,3539,9
3540,3540,9
3541,3541,9
3542,3542,9
3543,3543,9
3544,3544,9
3545,3545,9
3546,3546,9
3547,3547,9
3548,3548,9
3549,3549,9
3550,3550,9
3551,3551,9
3552,3552,9
3553,3553,9
3554,3554,9
3555,3555,9
3556,3556,9
3557,3557,9
3558,3558,9
3559,3559,9
3560,3560,9
3561,3561,9
3562,3562,9
3563,3563,9
3564,3564,9
3565,3565,9
3566,3566,9
3567,3567,9
3568,3568,9
3569,3569,9
3570,3570,9
3571,3571,9
3572,3572,9
3573,3573,9
3574,3574,9
3575,3575,9
3576,3576,9
3577,3577,9
3578,3578,9
3579,3579,9
3580,3580,9
3581,3581,9
3582,3582,9
3583,3583,9
3584,3584,9
3585,3585,9
3586,3586,9
3587,3587,9
3588,3588,9
3589,3589,9
3590,3590,9
3591,3591,9
3592,3592,9
3593,3593,9
3594,3594,9
3595,3595,9
3596,3596,9
3597,3597,9
3598,3598,9
3599,3599,9
3600,3600,9
3601,3601,9
3602,3602,9
3603,3603,9
3604,3604,9
3605,3605,9
3606,3606,9
3607,3607,9
3608,3608,9
3609,3609,9
3610,3610,9
3611,3611,9
3612,3612,9
3613,3613,9
3614,3614,9
3615,3615,9
3616,3616,9
3617,3617,9
3618,3618,9
3619,3619,9
3620,3620,9
3621,3621,9
3622,3622,9
3623,3623,9
3624,3624,9
3625,3625,9
3626,3626,9
3627,3627,9
3628,3628,9
3629,3629,9
3630,3630,9
3631,3631,9
3632,3632,9
3633,3633,9
3634,3634,9
3635,3635,9
3636,3636,9
3637,3637,9
3638,3638,9
3639,3639,9
3640,3640,9
3641,3641,9
3642,3642,9
3643,3643,9
3644,3644,9
3645,3645,9
3646,3646,9
3647,3647,9
3648,3648,9
3649,3649,9
3650,3650,9
3651,3651,9
3652,3652,9
3653,3653,9
3654,3654,9
3655,3655,9
3656,3656,9
3657,3657,9
3658,3658,9
3659,3659,9
3660,3660,9
3661,3661,9
3662,3662,9
3663,3663,9
3664,3664,9
3665,3665,9
3666,3666,9
3667,3667,9
3668,3668,9
3669,3669,9
3670,3670,9
3671,3671,9
3672,3672,9
3673,3673,9
3674,3674,9
3675,3675,9
3676,3676,9
3677,3677,9
3678,3678,9
3679,3679,9
3680,3680,9
3681,3681,9
3682,3682,9
3683,3683,9
3684,3684,9
3685,3685,9
3686,3686,9
3687,3687,9
3688,3688,9
3689,3689,9
3690,3690,9
3691,3691,9
3692,3692,9
3693,3693,9
3694,3694,9
3695,3695,9
3696,3696,9
3697,3697,9
3698,3698,9
3699,3699,9
3700,3700,9
3701,3701,9
3702,3702,9
3703,3703,9
3704,3704,9
3705,3705,9
3706,3706,9
3707,3707,9
3708,3708,9
3709,3709,9
3710,3710,9
3711,3711,9
3712,3712,9
3713,3713,9
3714,3714,9
3715,3715,9
3716,3716,9
3717,3717,9
3718,3718,9
3719,3719,9
3720,3720,9
3721,3721,9
3722,3722,9
3723,3723,9
3724,3724,9
3725,3725,9
3726,3726,9
3727,3727,9
3728,3728,9
3729,3729,9
3730,3730,9
3731,3731,9
3732,3732,9
3733,3733,9
3734,3734,9
3735,3735,9
3736,3736,9
3737,3737,9
3738,3738,9
3739,3739,9
3740,3740,9
3741,3741,9
3742,3742,9
3743,3743,9
3744,3744,9
3745,3745,9
3746,3746,9
3747,3747,9
3748,3748,9
3749,3749,9
3750,3750,9
3751,3751,9
3752,3752,9
3753,3753,9
3754,3754,9
3755,3755,9
3756,3756,9
3757,3757,9
3758,3758,9
3759,3759,9
3760,3760,9
3761,3761,9
3762,3762,9
3763,3763,9
3764,3764,9
3765,3765,9
3766,3766,9
3767,3767,9
3768,3768,9
3769,3769,9
3770,3770,9
3771,3771,9
3772,3772,9
3773,3773,9
3774,3774,9
3775,3775,9
3776,3776,9
3777,3777,9
3778,3778,9
3779,3779,9
3780,3780,9
3781,3781,9
3782,3782,9
3783,3783,9
3784,3784,9
3785,3785,9
3786,3786,9
3787,3787,9
3788,3788,9
3789,3789,9
3790,3790,9
3791,3791,9
3792,3792,9
3793,3793,9
3794,3794,9
3795,3795,9
3796,3796,9
3797,3797,9
3798,3798,9
3799,3799,9
3800,3800,9
3801,3801,9
3802,3802,9
3803,3803,9
3804,3804,9
3805,3805,9
3806,3806,9
3807,3807,9
3808,3808,9
3809,3809,9
3810,3810,9
3811,3811,9
3812,3812,9
3813,3813,9
3814,3814,9
3815,3815,9
3816,3816,9
3817,3817,9
3818,3818,9
3819,3819,9
3820,3820,9
3821,3821,9
3822,3822,9
3823,3823,9
3824,3824,9
3825,3825,9
3826,3826,9
3827,3827,9
3828,3828,9
3829,3829,9
3830,3830,9
3831,3831,9
3832,3832,9
3833,3833,9
3834,3834,9
3835,3835,9
3836,3836,9
3837,3837,9
3838,3838,9
3839,3839,9
3840,3840,9
3841,3841,9
3842,3842,9
3843,3843,9
3844,3844,9
3845,3845,9
3846,3846,9
3847,3847,9
3848,3848,9
3849,3849,9
3850,3850,9
3851,3851,9
3852,3852,9
3853,3853,9
3854,3854,9
3855,3855,9
3856,3856,9
3857,3857,9
3858,3858,9
3859,3859,9
3860,3860,9
3861,3861,9
3862,3862,9
3863,3863,9
3864,3864,9
3865,3865,9
3866,3866,9
3867,3867,9
3868,3868,9
3869,3869,9
3870,3870,9
3871,3871,9
3872,3872,9
3873,3873,9
3874,3874,9
3875,3875,9
3876,3876,9
3877,3877,9
3878,3878,9
3879,3879,9
3880,3880,9
3881,3881,9
3882,3882,9
3883,3883,9
3884,3884,9
3885,3885,9
3886,3886,9
3887,3887,9
3888,3888,9
3889,3889,9
3890,3890,9
3891,3891,9
3892,3892,9
3893,3893,9
3894,3894,9
3895,3895,9
3896,3896,9
3897,3897,9
3898,3898,9
3899,3899,9
3900,3900,9
3901,3901,9
3902,3902,9
3903,3903,9
3904,3904,9
3905,3905,9
3906,3906,9
3907,3907,9
3908,3908,9
3909,3909,9
3910,3910,9
3911,3911,9
3912,3912,9
3913,3913,9
3914,3914,9
3915,3915,9
3916,3916,9
3917,3917,9
3918,3918,9
3919,3919,9
3920,3920,9
3921,3921,9
3922,3922,9
3923,3923,9
3924,3924,9
3925,3925,9
3926,3926,9
3927,3927,9
3928,3928,9
3929,3929,9
3930,3930,9
3931,3931,9
3932,3932,9
3933,3933,9
3934,3934,9
3935,3935,9
3936,3936,9
3937,3937,9
3938,3938,9
3939,3939,9
3940,3940,9
3941,3941,9
3942,3942,9
3943,3943,9
3944,3944,9
3945,3945,9
3946,3946,9
3947,3947,9
3948,3948,9
3949,3949,9
3950,3950,9
3951,3951,9
3952,3952,9
3953,3953,9
3954,3954,9
3955,3955,9
3956,3956,9
3957,3957,9
3958,3958,9
3959,3959,9
3960,3960,9
3961,3961,9
3962,3962,9
3963,3963,9
3964,3964,9
3965,3965,9
3966,3966,9
3967,3967,9
3968,3968,9
3969,3969,9
3970,3970,9
3971,3971,9
3972,3972,9
3973,3973,9
3974,3974,9
3975,3975,9
3976,3976,9
3977,3977,9
3978,3978,9
3979,3979,9
3980,3980,9
3981,3981,9
3982,3982,9
3983,3983,9
3984,3984,9
3985,3985,9
3986,3986,9
3987,3987,9
3988,3988,9
3989,3989,9
3990,3990,9
3991,3991,9
3992,3992,9
3993,3993,9
3994,3994,9
3995,3995,9
3996,3996,9
3997,3997,9
3998,3998,9
3999,3999,9
4000,4000,9
4001,4001,9
4002,4002,9
4003,4003,9
4004,4004,9
4005,4005,9
4006,4006,9
4007,4007,9
4008,4008,9
4009,4009,9
4010,4010,9
4011,4011,9
4012,4012,9
4013,4013,9
4014,4014,9
4015,4015,9
4016,4016,9
4017,4017,9
4018,4018,9
4019,4019,9
4020,4020,9
4021,4021,9
4022,4022,9
4023,4023,9
4024,4024,9
4025,4025,9
4026,4026,9
4027,4027,9
4028,4028,9
4029,4029,9
4030,4030,9
4031,4031,9
4032,4032,9
4033,4033,9
4034,4034,9
4035,4035,9
4036,4036,9
4037,4037,9
4038,4038,9
4039,4039,9
4040,4040,9
4041,4041,9
4042,4042,9
4043,4043,9
4044,4044,9
4045,4045,9
4046,4046,9
4047,4047,9
4048,4048,9
4049,4049,9
4050,4050,9
4051,4051,9
4052,4052,9
4053,4053,9
4054,4054,9
4055,4055,9
4056,4056,9
4057,4057,9
4058,4058,9
4059,4059,9
4060,4060,9
4061,4061,9
4062,4062,9
4063,4063,9
4064,4064,9
4065,4065,9
4066,4066,9
4067,4067,9
4068,4068,9
4069,4069,9
4070,4070,9
4071,4071,9
4072,4072,9
4073,4073,9
4074,4074,9
4075,4075,9
4076,4076,9
4077,4077,9
4078,4078,9
4079,4079,9
4080,4080,9
4081,4081,9
4082,4082,9
4083,4083,9
4084,4084,9
4085,4085,9
4086,4086,9
4087,4087,9
4088,4088,9
4089,4089,9
4090,4090,9
4091,4091,9
4092,4092,9
4093,4093,9
4094,4094,9
4095,4095,9
4096,4096,9
4097,4097,9
4098,4098,9
4099,4099,9
4100,4100,9
4101,4101,9
4102,4102,9
4103,4103,9
4104,4104,9
4105,4105,9
4106,4106,9
4107,4107,9
4108,4108,9
4109,4109,9
4110,4110,9
4111,4111,9
4112,4112,9
4113,4113,9
4114,4114,9
4115,4115,9
4116,4116,9
4117,4117,9
4118,4118,9
4119,4119,9
4120,4120,9
4121,4121,9
4122,4122,9
4123,4123,9
4124,4124,9
4125,4125,9
4126,4126,9
4127,4127,9
4128,4128,9
4129,4129,9
4130,4130,9
4131,4131,9
4132,4132,9
4133,4133,9
4134,4134,9
4135,4135,9
4136,4136,9
4137,4137,9
4138,4138,9
4139,4139,9
4140,4140,9
4141,4141,9
4142,4142,9
4143,4143,9
4144,4144,9
4145,4145,9
4146,4146,9
4147,4147,9
4148,4148,9
4149,4149,9
4150,4150,9
4151,4151,9
4152,4152,9
4153,4153,9
4154,4154,9
4155,4155,9
4156,4156,9
4157,4157,9
4158,4158,9
4159,4159,9
4160,4160,9
4161,4161,9
4162,4162,9
4163,4163,9
4164,4164,9
4165,4165,9
4166,4166,9
4167,4167,9
4168,4168,9
4169,4169,9
4170,4170,9
4171,4171,9
4172,4172,9
4173,4173,9
4174,4174,9
4175,4175,9
4176,4176,9
4177,4177,9
4178,4178,9
4179,4179,9
4180,4180,9
4181,4181,9
4182,4182,9
4183,4183,9
4184,4184,9
4185,4185,9
4186,4186,9
4187,4187,9
4188,4188,9
4189,4189,9
4190,4190,9
4191,4191,9
4192,4192,9
4193,4193,9
4194,4194,9
4195,4195,9
4196,4196,9
4197,4197,9
4198,4198,9
4199,4199,9
4200,4200,9
4201,4201,9
4202,4202,9
4203,4203,9
4204,4204,9
4205,4205,9
4206,4206,9
4207,4207,9
4208,4208,9
4209,4209,9
4210,4210,9
4211,4211,9
4212,4212,9
4213,4213,9
4214,4214,9
4215,4215,9
4216,4216,9
4217,4217,9
4218,4218,9
4219,4219,9
4220,4220,9
4221,4221,9
4222,4222,9
4223,4223,9
4224,4224,9
4225,4225,9
4226,4226,9
4227,4227,9
4228,4228,9
4229,4229,9
4230,4230,9
4231,4231,9
4232,4232,9
4233,4233,9
4234,4234,9
4235,4235,9
4236,4236,9
4237,4237,9
4238,4238,9
4239,4239,9
4240,4240,9
4241,4241,9
4242,4242,9
4243,4243,9
4244,4244,9
4245,4245,9
4246,4246,9
4247,4247,9
4248,4248,9
4249,4249,9
4250,4250,9
4251,4251,9
4252,4252,9
4253,4253,9
4254,4254,9
4255,4255,9
4256,4256,9
4257,4257,9
4258,4258,9
4259,4259,9
4260,4260,9
4261,4261,9
4262,4262,9
4263,4263,9
4264,4264,9
4265,4265,9
4266,4266,9
4267,4267,9
4268,4268,9
4269,4269,9
4270,4270,9
4271,4271,9
4272,4272,9
4273,4273,9
4274,4274,9
4275,4275,9
4276,4276,9
4277,4277,9
4278,4278,9
4279,4279,9
4280,4280,9
4281,4281,9
4282,4282,9
4283,4283,9
4284,4284,9
4285,4285,9
4286,4286,9
4287,4287,9
4288,4288,9
4289,4289,9
4290,4290,9
4291,4291,9
4292,4292,9
4293,4293,9
4294,4294,9
4295,4295,9
4296,4296,9
4297,4297,9
4298,4298,9
4299,4299,9
4300,4300,9
4301,4301,9
4302,4302,9
4303,4303,9
4304,4304,9
4305,4305,9
4306,4306,9
4307,4307,9
4308,4308,9
4309,4309,9
4310,4310,9
4311,4311,9
4312,4312,9
4313,4313,9
4314,4314,9
4315,4315,9
4316,4316,9
4317,4317,9
4318,4318,9
4319,4319,9
4320,4320,9
4321,4321,9
4322,4322,9
4323,4323,9
4324,4324,9
4325,4325,9
4326,4326,9
4327,4327,9
4328,4328,9
4329,4329,9
4330,4330,9
4331,4331,9
4332,4332,9
4333,4333,9
4334,4334,9
4335,4335,9
4336,4336,9
4337,4337,9
4338,4338,9
4339,4339,9
4340,4340,9
4341,4341,9
4342,4342,9
4343,4343,9
4344,4344,9
4345,4345,9
4346,4346,9
4347,4347,9
4348,4348,9
4349,4349,9
4350,4350,9
4351,4351,9
4352,4352,9
4353,4353,9
4354,4354,9
4355,4355,9
4356,4356,9
4357,4357,9
4358,4358,9
4359,4359,9
4360,4360,9
4361,4361,9
4362,4362,9
4363,4363,9
4364,4364,9
4365,4365,9
4366,4366,9
4367,4367,9
4368,4368,9
4369,4369,9
4370,4370,9
4371,4371,9
4372,4372,9
4373,4373,9
4374,4374,9
4375,4375,9
4376,4376,9
4377,4377,9
4378,4378,9
4379,4379,9
4380,4380,9
4381,4381,9
4382,4382,9
4383,4383,9
4384,4384,9
4385,4385,9
4386,4386,9
4387,4387,9
4388,4388,9
4389,4389,9
4390,4390,9
4391,4391,9
4392,4392,9
4393,4393,9
4394,4394,9
4395,4395,9
4396,4396,9
4397,4397,9
4398,4398,9
4399,4399,9
4400,4400,9
4401,4401,9
4402,4402,9
4403,4403,9
4404,4404,9
4405,4405,9
4406,4406,9
4407,4407,9
4408,4408,9
4409,4409,9
4410,4410,9
4411,4411,9
4412,4412,9
4413,4413,9
4414,4414,9
4415,4415,9
4416,4416,9
4417,4417,9
4418,4418,9
4419,4419,9
4420,4420,9
4421,4421,9
4422,4422,9
4423,4423,9
4424,4424,9
4425,4425,9
4426,4426,9
4427,4427,9
4428,4428,9
4429,4429,9
4430,4430,9
4431,4431,9
4432,4432,9
4433,4433,9
4434,4434,9
4435,4435,9
4436,4436,9
4437,4437,9
4438,4438,9
4439,4439,9
4440,4440,9
4441,4441,9
4442,4442,9
4443,4443,9
4444,4444,9
4445,4445,9
4446,4446,9
4447,4447,9
4448,4448,9
4449,4449,9
4450,4450,9
4451,4451,9
4452,4452,9
4453,4453,9
4454,4454,9
4455,4455,9
4456,4456,9
4457,4457,9
4458,4458,9
4459,4459,9
4460,4460,9
4461,4461,9
4462,4462,9
4463,4463,9
4464,4464,9
4465,4465,9
4466,4466,9
4467,4467,9
4468,4468,9
4469,4469,9
4470,4470,9
4471,4471,9
4472,4472,9
4473,4473,9
4474,4474,9
4475,4475,9
4476,4476,9
4477,4477,9
4478,4478,9
4479,4479,9
4480,4480,9
4481,4481,9
4482,4482,9
4483,4483,9
4484,4484,9
4485,4485,9
4486,4486,9
4487,4487,9
4488,4488,9
4489,4489,9
4490,4490,9
4491,4491,9
4492,4492,9
4493,4493,9
4494,4494,9
4495,4495,9
4496,4496,9
4497,4497,9
4498,4498,9
4499,4499,9
4500,4500,9
4501,4501,9
4502,4502,9
4503,4503,9
4504,4504,9
4505,4505,9
4506,4506,9
4507,4507,9
4508,4508,9
4509,4509,9
4510,4510,9
4511,4511,9
4512,4512,9
4513,4513,9
4514,4514,9
4515,4515,9
4516,4516,9
4517,4517,9
4518,4518,9
4519,4519,9
4520,4520,9
4521,4521,9
4522,4522,9
4523,4523,9
4524,4524,9
4525,4525,9
4526,4526,9
4527,4527,9
4528,4528,9
4529,4529,9
4530,4530,9
4531,4531,9
4532,4532,9
4533,4533,9
4534,4534,9
4535,4535,9
4536,4536,9
4537,4537,9
4538,4538,9
4539,4539,9
4540,4540,9
4541,4541,9
4542,4542,9
4543,4543,9
4544,4544,9
4545,4545,9
4546,4546,9
4547,4547,9
4548,4548,9
4549,4549,9
4550,4550,9
4551,4551,9
4552,4552,9
4553,4553,9
4554,4554,9
4555,4555,9
4556,4556,9
4557,4557,9
4558,4558,9
4559,4559,9
4560,4560,9
4561,4561,9
4562,4562,9
4563,4563,9
4564,4564,9
4565,4565,9
4566,4566,9
4567,4567,9
4568,4568,9
4569,4569,9
4570,4570,9
4571,4571,9
4572,4572,9
4573,4573,9
4574,4574,9
4575,4575,9
4576,4576,9
4577,4577,9
4578,4578,9
4579,4579,9
4580,4580,9
4581,4581,9
4582,4582,9
4583,4583,9
4584,4584,9
4585,4585,9
4586,4586,9
4587,4587,9
4588,4588,9
4589,4589,9
4590,4590,9
4591,4591,9
4592,4592,9
4593,4593,9
4594,4594,9
4595,4595,9
4596,4596,9
4597,4597,9
4598,4598,9
4599,4599,9
4600,4600,9
4601,4601,9
4602,4602,9
4603,4603,9
4604,4604,9
4605,4605,9
4606,4606,9
4607,4607,9
4608,4608,9
4609,4609,9
4610,4610,9
4611,4611,9
4612,4612,9
4613,4613,9
4614,4614,9
4615,4615,9
4616,4616,9
4617,4617,9
4618,4618,9
4619,4619,9
4620,4620,9
4621,4621,9
4622,4622,9
4623,4623,9
4624,4624,9
4625,4625,9
4626,4626,9
4627,4627,9
4628,4628,9
4629,4629,9
4630,4630,9
4631,4631,9
4632,4632,9
4633,4633,9
4634,4634,9
4635,4635,9
4636,4636,9
4637,4637,9
4638,4638,9
4639,4639,9
4640,4640,9
4641,4641,9
4642,4642,9
4643,4643,9
4644,4644,9
4645,4645,9
4646,4646,9
4647,4647,9
4648,4648,9
4649,4649,9
4650,4650,9
4651,4651,9
4652,4652,9
4653,4653,9
4654,4654,9
4655,4655,9
4656,4656,9
4657,4657,9
4658,4658,9
4659,4659,9
4660,4660,9
4661,4661,9
4662,4662,9
4663,4663,9
4664,4664,9
4665,4665,9
4666,4666,9
4667,4667,9
4668,4668,9
4669,4669,9
4670,4670,9
4671,4671,9
4672,4672,9
4673,4673,9
4674,4674,9
4675,4675,9
4676,4676,9
4677,4677,9
4678,4678,9
4679,4679,9
4680,4680,9
4681,4681,9
4682,4682,9
4683,4683,9
4684,4684,9
4685,4685,9
4686,4686,9
4687,4687,9
4688,4688,9
4689,4689,9
4690,4690,9
4691,4691,9
4692,4692,9
4693,4693,9
4694,4694,9
4695,4695,9
4696,4696,9
4697,4697,9
4698,4698,9
4699,4699,9
4700,4700,9
4701,4701,9
4702,4702,9
4703,4703,9
4704,4704,9
4705,4705,9
4706,4706,9
4707,4707,9
4708,4708,9
4709,4709,9
4710,4710,9
4711,4711,9
4712,4712,9
4713,4713,9
4714,4714,9
4715,4715,9
4716,4716,9
4717,4717,9
4718,4718,9
4719,4719,9
4720,4720,9
4721,4721,9
4722,4722,9
4723,4723,9
4724,4724,9
4725,4725,9
4726,4726,9
4727,4727,9
4728,4728,9
4729,4729,9
4730,4730,9
4731,4731,9
4732,4732,9
4733,4733,9
4734,4734,9
4735,4735,9
4736,4736,9
4737,4737,9
4738,4738,9
4739,4739,9
4740,4740,9
4741,4741,9
4742,4742,9
4743,4743,9
4744,4744,9
4745,4745,9
4746,4746,9
4747,4747,9
4748,4748,9
4749,4749,9
4750,4750,9
4751,4751,9
4752,4752,9
4753,4753,9
4754,4754,9
4755,4755,9
4756,4756,9
4757,4757,9
4758,4758,9
4759,4759,9
4760,4760,9
4761,4761,9
4762,4762,9
4763,4763,9
4764,4764,9
4765,4765,9
4766,4766,9
4767,4767,9
4768,4768,9
4769,4769,9
4770,4770,9
4771,4771,9
4772,4772,9
4773,4773,9
4774,4774,9
4775,4775,9
4776,4776,9
4777,4777,9
4778,4778,9
4779,4779,9
4780,4780,9
4781,4781,9
4782,4782,9
4783,4783,9
4784,4784,9
4785,4785,9
4786,4786,9
4787,4787,9
4788,4788,9
4789,4789,9
4790,4790,9
4791,4791,9
4792,4792,9
4793,4793,9
4794,4794,9
4795,4795,9
4796,4796,9
4797,4797,9
4798,4798,9
4799,4799,9
4800,4800,9
4801,4801,9
4802,4802,9
4803,4803,9
4804,4804,9
4805,4805,9
4806,4806,9
4807,4807,9
4808,4808,9
4809,4809,9
4810,4810,9
4811,4811,9
4812,4812,9
4813,4813,9
4814,4814,9
4815,4815,9
4816,4816,9
4817,4817,9
4818,4818,9
4819,4819,9
4820,4820,9
4821,4821,9
4822,4822,9
4823,4823,9
4824,4824,9
4825,4825,9
4826,4826,9
4827,4827,9
4828,4828,9
4829,4829,9
4830,4830,9
4831,4831,9
4832,4832,9
4833,4833,9
4834,4834,9
4835,4835,9
4836,4836,9
4837,4837,9
4838,4838,9
4839,4839,9
4840,4840,9
4841,4841,9
4842,4842,9
4843,4843,9
4844,4844,9
4845,4845,9
4846,4846,9
4847,4847,9
4848,4848,9
4849,4849,9
4850,4850,9
4851,4851,9
4852,4852,9
4853,4853,9
4854,4854,9
4855,4855,9
4856,4856,9
4857,4857,9
4858,4858,9
4859,4859,9
4860,4860,9
4861,4861,9
4862,4862,9
4863,4863,9
4864,4864,9
4865,4865,9
4866,4866,9
4867,4867,9
4868,4868,9
4869,4869,9
4870,4870,9
4871,4871,9
4872,4872,9
4873,4873,9
4874,4874,9
4875,4875,9
4876,4876,9
4877,4877,9
4878,4878,9
4879,4879,9
4880,4880,9
4881,4881,9
4882,4882,9
4883,4883,9
4884,4884,9
4885,4885,9
4886,4886,9
4887,4887,9
4888,4888,9
4889,4889,9
4890,4890,9
4891,4891,9
4892,4892,9
4893,4893,9
4894,4894,9
4895,4895,9
4896,4896,9
4897,4897,9
4898,4898,9
4899,4899,9
4900,4900,9
4901,4901,9
4902,4902,9
4903,4903,9
4904,4904,9
4905,4905,9
4906,4906,9
4907,4907,9
4908,4908,9
4909,4909,9
4910,4910,9
4911,4911,9
4912,4912,9
4913,4913,9
4914,4914,9
4915,4915,9
4916,4916,9
4917,4917,9
4918,4918,9
4919,4919,9
4920,4920,9
4921,4921,9
4922,4922,9
4923,4923,9
4924,4924,9
4925,4925,9
4926,4926,9
4927,4927,9
4928,4928,9
4929,4929,9
4930,4930,9
4931,4931,9
4932,4932,9
4933,4933,9
4934,4934,9
4935,4935,9
4936,4936,9
4937,4937,9
4938,4938,9
4939,4939,9
4940,4940,9
4941,4941,9
4942,4942,9
4943,4943,9
4944,4944,9
4945,4945,9
4946,4946,9
4947,4947,9
4948,4948,9
4949,4949,9
4950,4950,9
4951,4951,9
4952,4952,9
4953,4953,9
4954,4954,9
4955,4955,9
4956,4956,9
4957,4957,9
4958,4958,9
4959,4959,9
4960,4960,9
4961,4961,9
4962,4962,9
4963,4963,9
4964,4964,9
4965,4965,9
4966,4966,9
4967,4967,9
4968,4968,9
4969,4969,9
4970,4970,9
4971,4971,9
4972,4972,9
4973,4973,9
4974,4974,9
4975,4975,9
4976,4976,9
4977,4977,9
4978,4978,9
4979,4979,9
4980,4980,9
4981,4981,9
4982,4982,9
4983,4983,9
4984,4984,9
4985,4985,9
4986,4986,9
4987,4987,9
4988,4988,9
4989,4989,9
4990,4990,9
4991,4991,9
4992,4992,9
4993,4993,9
4994,4994,9
4995,4995,9
4996,4996,9
4997,4997,9
4998,4998,9
4999,4999,9
5000,5000,9
5001,5001,9
5002,5002,9
5003,5003,9
5004,5004,9
5005,5005,9
5006,5006,9
5007,5007,9
5008,5008,9
5009,5009,9
5010,5010,9
5011,5011,9
5012,5012,9
5013,5013,9
5014,5014,9
5015,5015,9
5016,5016,9
5017,5017,9
5018,5018,9
5019,5019,9
5020,5020,9
5021,5021,9
5022,5022,9
5023,5023,9
5024,5024,9
5025,5025,9
5026,5026,9
5027,5027,9
5028,5028,9
5029,5029,9
5030,5030,9
5031,5031,9
5032,5032,9
5033,5033,9
5034,5034,9
5035,5035,9
5036,5036,9
5037,5037,9
5038,5038,9
5039,5039,9
5040,5040,9
5041,5041,9
5042,5042,9
5043,5043,9
5044,5044,9
5045,5045,9
5046,5046,9
5047,5047,9
5048,5048,9
5049,5049,9
5050,5050,9
5051,5051,9
5052,5052,9
5053,5053,9
5054,5054,9
5055,5055,9
5056,5056,9
5057,5057,9
5058,5058,9
5059,5059,9
5060,5060,9
5061,5061,9
5062,5062,9
5063,5063,9
5064,5064,9
5065,5065,9
5066,5066,9
5067,5067,9
5068,5068,9
5069,5069,9
5070,5070,9
5071,5071,9
5072,5072,9
5073,5073,9
5074,5074,9
5075,5075,9
5076,5076,9
5077,5077,9
5078,5078,9
5079,5079,9
5080,5080,9
5081,5081,9
5082,5082,9
5083,5083,9
5084,5084,9
5085,5085,9
5086,5086,9
5087,5087,9
5088,5088,9
5089,5089,9
5090,5090,9
5091,5091,9
5092,5092,9
5093,5093,9
5094,5094,9
5095,5095,9
5096,5096,9
5097,5097,9
5098,5098,9
5099,5099,9
5100,5100,9
5101,5101,9
5102,5102,9
5103,5103,9
5104,5104,9
5105,5105,9
5106,5106,9
5107,5107,9
5108,5108,9
5109,5109,9
5110,5110,9
5111,5111,9
5112,5112,9
5113,5113,9
5114,5114,9
5115,5115,9
5116,5116,9
5117,5117,9
5118,5118,9
5119,5119,9
5120,5120,9
5121,5121,9
5122,5122,9
5123,5123,9
5124,5124,9
5125,5125,9
5126,5126,9
5127,5127,9
5128,5128,9
5129,5129,9
5130,5130,9
5131,5131,9
5132,5132,9
5133,5133,9
5134,5134,9
5135,5135,9
5136,5136,9
5137,5137,9
5138,5138,9
5139,5139,9
5140,5140,9
5141,5141,9
5142,5142,9
5143,5143,9
5144,5144,9
5145,5145,9
5146,5146,9
5147,5147,9
5148,5148,9
5149,5149,9
5150,5150,9
5151,5151,9
5152,5152,9
5153,5153,9
5154,5154,9
5155,5155,9
5156,5156,9
5157,5157,9
5158,5158,9
5159,5159,9
5160,5160,9
5161,5161,9
5162,5162,9
5163,5163,9
5164,5164,9
5165,5165,9
5166,5166,9
5167,5167,9
5168,5168,9
5169,5169,9
5170,5170,9
5171,5171,9
5172,5172,9
5173,5173,9
5174,5174,9
5175,5175,9
5176,5176,9
5177,5177,9
5178,5178,9
5179,5179,9
5180,5180,9
5181,5181,9
5182,5182,9
5183,5183,9
5184,5184,9
5185,5185,9
5186,5186,9
5187,5187,9
5188,5188,9
5189,5189,9
5190,5190,9
5191,5191,9
5192,5192,9
5193,5193,9
5194,5194,9
5195,5195,9
5196,5196,9
5197,5197,9
5198,5198,9
5199,5199,9
5200,5200,9
5201,5201,9
5202,5202,9
5203,5203,9
5204,5204,9
5205,5205,9
5206,5206,9
5207,5207,9
5208,5208,9
5209,5209,9
5210,5210,9
5211,5211,9
5212,5212,9
5213,5213,9
5214,5214,9
5215,5215,9
5216,5216,9
5217,5217,9
5218,5218,9
5219,5219,9
5220,5220,9
5221,5221,9
5222,5222,9
5223,5223,9
5224,5224,9
5225,5225,9
5226,5226,9
5227,5227,9
5228,5228,9
5229,5229,9
5230,5230,9
5231,5231,9
5232,5232,9
5233,5233,9
5234,5234,9
5235,5235,9
5236,5236,9
5237,5237,9
5238,5238,9
5239,5239,9
5240,5240,9
5241,5241,9
5242,5242,9
5243,5243,9
5244,5244,9
5245,5245,9
5246,5246,9
5247,5247,9
5248,5248,9
5249,5249,9
5250,5250,9
5251,5251,9
5252,5252,9
5253,5253,9
5254,5254,9
5255,5255,9
5256,5256,9
5257,5257,9
5258,5258,9
5259,5259,9
5260,5260,9
5261,5261,9
5262,5262,9
5263,5263,9
5264,5264,9
5265,5265,9
5266,5266,9
5267,5267,9
5268,5268,9
5269,5269,9
5270,5270,9
5271,5271,9
5272,5272,9
5273,5273,9
5274,5274,9
5275,5275,9
5276,5276,9
5277,5277,9
5278,5278,9
5279,5279,9
5280,5280,9
5281,5281,9
5282,5282,9
5283,5283,9
5284,5284,9
5285,5285,9
5286,5286,9
5287,5287,9
5288,5288,9
5289,5289,9
5290,5290,9
5291,5291,9
5292,5292,9
5293,5293,9
5294,5294,9
5295,5295,9
5296,5296,9
5297,5297,9
5298,5298,9
5299,5299,9
5300,5300,9
5301,5301,9
5302,5302,9
5303,5303,9
5304,5304,9
5305,5305,9
5306,5306,9
5307,5307,9
5308,5308,9
5309,5309,9
5310,5310,9
5311,5311,9
5312,5312,9
5313,5313,9
5314,5314,9
5315,5315,9
5316,5316,9
5317,5317,9
5318,5318,9
5319,5319,9
5320,5320,9
5321,5321,9
5322,5322,9
5323,5323,9
5324,5324,9
5325,5325,9
5326,5326,9
5327,5327,9
5328,5328,9
5329,5329,9
5330,5330,9
5331,5331,9
5332,5332,9
5333,5333,9
5334,5334,9
5335,5335,9
5336,5336,9
5337,5337,9
5338,5338,9
5339,5339,9
5340,5340,9
5341,5341,9
5342,5342,9
5343,5343,9
5344,5344,9
5345,5345,9
5346,5346,9
5347,5347,9
5348,5348,9
5349,5349,9
5350,5350,9
5351,5351,9
5352,5352,9
5353,5353,9
5354,5354,9
5355,5355,9
5356,5356,9
5357,5357,9
5358,5358,9
5359,5359,9
5360,5360,9
5361,5361,9
5362,5362,9
5363,5363,9
5364,5364,9
5365,5365,9
5366,5366,9
5367,5367,9
5368,5368,9
5369,5369,9
5370,5370,9
5371,5371,9
5372,5372,9
5373,5373,9
5374,5374,9
5375,5375,9
5376,5376,9
5377,5377,9
5378,5378,9
5379,5379,9
5380,5380,9
5381,5381,9
5382,5382,9
5383,5383,9
5384,5384,9
5385,5385,9
5386,5386,9
5387,5387,9
5388,5388,9
5389,5389,9
5390,5390,9
5391,5391,9
5392,5392,9
5393,5393,9
5394,5394,9
5395,5395,9
5396,5396,9
5397,5397,9
5398,5398,9
5399,5399,9
5400,5400,9
5401,5401,9
5402,5402,9
5403,5403,9
5404,5404,9
5405,5405,9
5406,5406,9
5407,5407,9
5408,5408,9
5409,5409,9
5410,5410,9
5411,5411,9
5412,5412,9
5413,5413,9
5414,5414,9
5415,5415,9
5416,5416,9
5417,5417,9
5418,5418,9
5419,5419,9
5420,5420,9
5421,5421,9
5422,5422,9
5423,5423,9
5424,5424,9
5425,5425,9
5426,5426,9
5427,5427,9
5428,5428,9
5429,5429,9
5430,5430,9
5431,5431,9
5432,5432,9
5433,5433,9
5434,5434,9
5435,5435,9
5436,5436,9
5437,5437,9
5438,5438,9
5439,5439,9
5440,5440,9
5441,5441,9
5442,5442,9
5443,5443,9
5444,5444,9
5445,5445,9
5446,5446,9
5447,5447,9
5448,5448,9
5449,5449,9
5450,5450,9
5451,5451,9
5452,5452,9
5453,5453,9
5454,5454,9
5455,5455,9
5456,5456,9
5457,5457,9
5458,5458,9
5459,5459,9
5460,5460,9
5461,5461,9
5462,5462,9
5463,5463,9
5464,5464,9
5465,5465,9
5466,5466,9
5467,5467,9
5468,5468,9
5469,5469,9
5470,5470,9
5471,5471,9
5472,5472,9
5473,5473,9
5474,5474,9
5475,5475,9
5476,5476,9
5477,5477,9
5478,5478,9
5479,5479,9
5480,5480,9
5481,5481,9
5482,5482,9
5483,5483,9
5484,5484,9
5485,5485,9
5486,5486,9
5487,5487,9
5488,5488,9
5489,5489,9
5490,5490,9
5491,5491,9
5492,5492,9
5493,5493,9
5494,5494,9
5495,5495,9
5496,5496,9
5497,5497,9
5498,5498,9
5499,5499,9
5500,5500,9
5501,5501,9
5502,5502,9
5503,5503,9
5504,5504,9
5505,5505,9
5506,5506,9
5507,5507,9
5508,5508,9
5509,5509,9
5510,5510,9
5511,5511,9
5512,5512,9
5513,5513,9
5514,5514,9
5515,5515,9
5516,5516,9
5517,5517,9
5518,5518,9
5519,5519,9
5520,5520,9
5521,5521,9
5522,5522,9
5523,5523,9
5524,5524,9
5525,5525,9
5526,5526,9
5527,5527,9
5528,5528,9
5529,5529,9
5530,5530,9
5531,5531,9
5532,5532,9
5533,5533,9
5534,5534,9
5535,5535,9
5536,5536,9
5537,5537,9
5538,5538,9
5539,5539,9
5540,5540,9
5541,5541,9
5542,5542,9
5543,5543,9
5544,5544,9
5545,5545,9
5546,5546,9
5547,5547,9
5548,5548,9
5549,5549,9
5550,5550,9
5551,5551,9
5552,5552,9
5553,5553,9
5554,5554,9
5555,5555,9
5556,5556,9
5557,5557,9
5558,5558,9
5559,5559,9
5560,5560,9
5561,5561,9
5562,5562,9
5563,5563,9
5564,5564,9
5565,5565,9
5566,5566,9
5567,5567,9
5568,5568,9
5569,5569,9
5570,5570,9
5571,5571,9
5572,5572,9
5573,5573,9
5574,5574,9
5575,5575,9
5576,5576,9
5577,5577,9
5578,5578,9
5579,5579,9
5580,5580,9
5581,5581,9
5582,5582,9
5583,5583,9
5584,5584,9
5585,5585,9
5586,5586,9
5587,5587,9
5588,5588,9
5589,5589,9
5590,5590,9
5591,5591,9
5592,5592,9
5593,5593,9
5594,5594,9
5595,5595,9
5596,5596,9
5597,5597,9
5598,5598,9
5599,5599,9
5600,5600,9
5601,5601,9
5602,5602,9
5603,5603,9
5604,5604,9
5605,5605,9
5606,5606,9
5607,5607,9
5608,5608,9
5609,5609,9
5610,5610,9
5611,5611,9
5612,5612,9
5613,5613,9
5614,5614,9
5615,5615,9
5616,5616,9
5617,5617,9
5618,5618,9
5619,5619,9
5620,5620,9
5621,5621,9
5622,5622,9
5623,5623,9
5624,5624,9
5625,5625,9
5626,5626,9
5627,5627,9
5628,5628,9
5629,5629,9
5630,5630,9
5631,5631,9
5632,5632,9
5633,5633,9
5634,5634,9
5635,5635,9
5636,5636,9
5637,5637,9
5638,5638,9
5639,5639,9
5640,5640,9
5641,5641,9
5642,5642,9
5643,5643,9
5644,5644,9
5645,5645,9
5646,5646,9
5647,5647,9
5648,5648,9
5649,5649,9
5650,5650,9
5651,5651,9
5652,5652,9
5653,5653,9
5654,5654,9
5655,5655,9
5656,5656,9
5657,5657,9
5658,5658,9
5659,5659,9
5660,5660,9
5661,5661,9
5662,5662,9
5663,5663,9
5664,5664,9
5665,5665,9
5666,5666,9
5667,5667,9
5668,5668,9
5669,5669,9
5670,5670,9
5671,5671,9
5672,5672,9
5673,5673,9
5674,5674,9
5675,5675,9
5676,5676,9
5677,5677,9
5678,5678,9
5679,5679,9
5680,5680,9
5681,5681,9
5682,5682,9
5683,5683,9
5684,5684,9
5685,5685,9
5686,5686,9
5687,5687,9
5688,5688,9
5689,5689,9
5690,5690,9
5691,5691,9
5692,5692,9
5693,5693,9
5694,5694,9
5695,5695,9
5696,5696,9
5697,5697,9
5698,5698,9
5699,5699,9
5700,5700,9
5701,5701,9
5702,5702,9
5703,5703,9
5704,5704,9
5705,5705,9
5706,5706,9
5707,5707,9
5708,5708,9
5709,5709,9
5710,5710,9
5711,5711,9
5712,5712,9
5713,5713,9
5714,5714,9
5715,5715,9
5716,5716,9
5717,5717,9
5718,5718,9
5719,5719,9
5720,5720,9
5721,5721,9
5722,5722,9
5723,5723,9
5724,5724,9
5725,5725,9
5726,5726,9
5727,5727,9
5728,5728,9
5729,5729,9
5730,5730,9
5731,5731,9
5732,5732,9
5733,5733,9
5734,5734,9
5735,5735,9
5736,5736,9
5737,5737,9
5738,5738,9
5739,5739,9
5740,5740,9
5741,5741,9
5742,5742,9
5743,5743,9
5744,5744,9
5745,5745,9
5746,5746,9
5747,5747,9
5748,5748,9
5749,5749,9
5750,5750,9
5751,5751,9
5752,5752,9
5753,5753,9
5754,5754,9
5755,5755,9
5756,5756,9
5757,5757,9
5758,5758,9
5759,5759,9
5760,5760,9
5761,5761,9
5762,5762,9
5763,5763,9
5764,5764,9
5765,5765,9
5766,5766,9
5767,5767,9
5768,5768,9
5769,5769,9
5770,5770,9
5771,5771,9
5772,5772,9
5773,5773,9
5774,5774,9
5775,5775,9
5776,5776,9
5777,5777,9
5778,5778,9
5779,5779,9
5780,5780,9
5781,5781,9
5782,5782,9
5783,5783,9
5784,5784,9
5785,5785,9
5786,5786,9
5787,5787,9
5788,5788,9
5789,5789,9
5790,5790,9
5791,5791,9
5792,5792,9
5793,5793,9
5794,5794,9
5795,5795,9
5796,5796,9
5797,5797,9
5798,5798,9
5799,5799,9
5800,5800,9
5801,5801,9
5802,5802,9
5803,5803,9
5804,5804,9
5805,5805,9
5806,5806,9
5807,5807,9
5808,5808,9
5809,5809,9
5810,5810,9
5811,5811,9
5812,5812,9
5813,5813,9
5814,5814,9
5815,5815,9
5816,5816,9
5817,5817,9
5818,5818,9
5819,5819,9
5820,5820,9
5821,5821,9
5822,5822,9
5823,5823,9
5824,5824,9
5825,5825,9
5826,5826,9
5827,5827,9
5828,5828,9
5829,5829,9
5830,5830,9
5831,5831,9
5832,5832,9
5833,5833,9
5834,5834,9
5835,5835,9
5836,5836,9
5837,5837,9
5838,5838,9
5839,5839,9
5840,5840,9
5841,5841,9
5842,5842,9
5843,5843,9
5844,5844,9
5845,5845,9
5846,5846,9
5847,5847,9
5848,5848,9
5849,5849,9
5850,5850,9
5851,5851,9
5852,5852,9
5853,5853,9
5854,5854,9
5855,5855,9
5856,5856,9
5857,5857,9
5858,5858,9
5859,5859,9
5860,5860,9
5861,5861,9
5862,5862,9
5863,5863,9
5864,5864,9
5865,5865,9
5866,5866,9
5867,5867,9
5868,5868,9
5869,5869,9
5870,5870,9
5871,5871,9
5872,5872,9
5873,5873,9
5874,5874,9
5875,5875,9
5876,5876,9
5877,5877,9
5878,5878,9
5879,5879,9
5880,5880,9
5881,5881,9
5882,5882,9
5883,5883,9
5884,5884,9
5885,5885,9
5886,5886,9
5887,5887,9
5888,5888,9
5889,5889,9
5890,5890,9
5891,5891,9
5892,5892,9
5893,5893,9
5894,5894,9
5895,5895,9
5896,5896,9
5897,5897,9
5898,5898,9
5899,5899,9
5900,5900,9
5901,5901,9
5902,5902,9
5903,5903,9
5904,5904,9
5905,5905,9
5906,5906,9
5907,5907,9
5908,5908,9
5909,5909,9
5910,5910,9
5911,5911,9
5912,5912,9
5913,5913,9
5914,5914,9
5915,5915,9
5916,5916,9
5917,5917,9
5918,5918,9
5919,5919,9
5920,5920,9
5921,5921,9
5922,5922,9
5923,5923,9
5924,5924,9
5925,5925,9
5926,5926,9
5927,5927,9
5928,5928,9
5929,5929,9
5930,5930,9
5931,5931,9
5932,5932,9
5933,5933,9
5934,5934,9
5935,5935,9
5936,5936,9
5937,5937,9
5938,5938,9
5939,5939,9
5940,5940,9
5941,5941,9
5942,5942,9
5943,5943,9
5944,5944,9
5945,5945,9
5946,5946,9
5947,5947,9
5948,5948,9
5949,5949,9
5950,5950,9
5951,5951,9
5952,5952,9
5953,5953,9
5954,5954,9
5955,5955,9
5956,5956,9
5957,5957,9
5958,5958,9
5959,5959,9
5960,5960,9
5961,5961,9
5962,5962,9
5963,5963,9
5964,5964,9
5965,5965,9
5966,5966,9
5967,5967,9
5968,5968,9
5969,5969,9
5970,5970,9
5971,5971,9
5972,5972,9
5973,5973,9
5974,5974,9
5975,5975,9
5976,5976,9
5977,5977,9
5978,5978,9
5979,5979,9
5980,5980,9
5981,5981,9
5982,5982,9
5983,5983,9
5984,5984,9
5985,5985,9
5986,5986,9
5987,5987,9
5988,5988,9
5989,5989,9
5990,5990,9
5991,5991,9
5992,5992,9
5993,5993,9
5994,5994,9
5995,5995,9
5996,5996,9
5997,5997,9
5998,5998,9
5999,5999,9
6000,6000,9
6001,6001,9
6002,6002,9
6003,6003,9
6004,6004,9
6005,6005,9
6006,6006,9
6007,6007,9
6008,6008,9
6009,6009,9
6010,6010,9
6011,6011,9
6012,6012,9
6013,6013,9
6014,6014,9
6015,6015,9
6016,6016,9
6017,6017,9
6018,6018,9
6019,6019,9
6020,6020,9
6021,6021,9
6022,6022,9
6023,6023,9
6024,6024,9
6025,6025,9
6026,6026,9
6027,6027,9
6028,6028,9
6029,6029,9
6030,6030,9
6031,6031,9
6032,6032,9
6033,6033,9
6034,6034,9
6035,6035,9
6036,6036,9
6037,6037,9
6038,6038,9
6039,6039,9
6040,6040,9
6041,6041,9
6042,6042,9
6043,6043,9
6044,6044,9
6045,6045,9
6046,6046,9
6047,6047,9
6048,6048,9
6049,6049,9
6050,6050,9
6051,6051,9
6052,6052,9
6053,6053,9
6054,6054,9
6055,6055,9
6056,6056,9
6057,6057,9
6058,6058,9
6059,6059,9
6060,6060,9
6061,6061,9
6062,6062,9
6063,6063,9
6064,6064,9
6065,6065,9
6066,6066,9
6067,6067,9
6068,6068,9
6069,6069,9
6070,6070,9
6071,6071,9
6072,6072,9
6073,6073,9
6074,6074,9
6075,6075,9
6076,6076,9
6077,6077,9
6078,6078,9
6079,6079,9
6080,6080,9
6081,6081,9
6082,6082,9
6083,6083,9
6084,6084,9
6085,6085,9
6086,6086,9
6087,6087,9
6088,6088,9
6089,6089,9
6090,6090,9
6091,6091,9
6092,6092,9
6093,6093,9
6094,6094,9
6095,6095,9
6096,6096,9
6097,6097,9
6098,6098,9
6099,6099,9
6100,6100,9
6101,6101,9
6102,6102,9
6103,6103,9
6104,6104,9
6105,6105,9
6106,6106,9
6107,6107,9
6108,6108,9
6109,6109,9
6110,6110,9
6111,6111,9
6112,6112,9
6113,6113,9
6114,6114,9
6115,6115,9
6116,6116,9
6117,6117,9
6118,6118,9
6119,6119,9
6120,6120,9
6121,6121,9
6122,6122,9
6123,6123,9
6124,6124,9
6125,6125,9
6126,6126,9
6127,6127,9
6128,6128,9
6129,6129,9
6130,6130,9
6131,6131,9
6132,6132,9
6133,6133,9
6134,6134,9
6135,6135,9
6136,6136,9
6137,6137,9
6138,6138,9
6139,6139,9
6140,6140,9
6141,6141,9
6142,6142,9
6143,6143,9
6144,6144,9
6145,6145,9
6146,6146,9
6147,6147,9
6148,6148,9
6149,6149,9
6150,6150,9
6151,6151,9
6152,6152,9
6153,6153,9
6154,6154,9
6155,6155,9
6156,6156,9
6157,6157,9
6158,6158,9
6159,6159,9
6160,6160,9
6161,6161,9
6162,6162,9
6163,6163,9
6164,6164,9
6165,6165,9
6166,6166,9
6167,6167,9
6168,6168,9
6169,6169,9
6170,6170,9
6171,6171,9
6172,6172,9
6173,6173,9
6174,6174,9
6175,6175,9
6176,6176,9
6177,6177,9
6178,6178,9
6179,6179,9
6180,6180,9
6181,6181,9
6182,6182,9
6183,6183,9
6184,6184,9
6185,6185,9
6186,6186,9
6187,6187,9
6188,6188,9
6189,6189,9
6190,6190,9
6191,6191,9
6192,6192,9
6193,6193,9
6194,6194,9
6195,6195,9
6196,6196,9
6197,6197,9
6198,6198,9
6199,6199,9
6200,6200,9
6201,6201,9
6202,6202,9
6203,6203,9
6204,6204,9
6205,6205,9
6206,6206,9
6207,6207,9
6208,6208,9
6209,6209,9
6210,6210,9
6211,6211,9
6212,6212,9
6213,6213,9
6214,6214,9
6215,6215,9
6216,6216,9
6217,6217,9
6218,6218,9
6219,6219,9
6220,6220,9
6221,6221,9
6222,6222,9
6223,6223,9
6224,6224,9
6225,6225,9
6226,6226,9
6227,6227,9
6228,6228,9
6229,6229,9
6230,6230,9
6231,6231,9
6232,6232,9
6233,6233,9
6234,6234,9
6235,6235,9
6236,6236,9
6237,6237,9
6238,6238,9
6239,6239,9
6240,6240,9
6241,6241,9
6242,6242,9
6243,6243,9
6244,6244,9
6245,6245,9
6246,6246,9
6247,6247,9
6248,6248,9
6249,6249,9
6250,6250,9
6251,6251,9
6252,6252,9
6253,6253,9
6254,6254,9
6255,6255,9
6256,6256,9
6257,6257,9
6258,6258,9
6259,6259,9
6260,6260,9
6261,6261,9
6262,6262,9
6263,6263,9
6264,6264,9
6265,6265,9
6266,6266,9
6267,6267,9
6268,6268,9
6269,6269,9
6270,6270,9
6271,6271,9
6272,6272,9
6273,6273,9
6274,6274,9
6275,6275,9
6276,6276,9
6277,6277,9
6278,6278,9
6279,6279,9
6280,6280,9
6281,6281,9
6282,6282,9
6283,6283,9
6284,6284,9
6285,6285,9
6286,6286,9
6287,6287,9
6288,6288,9
6289,6289,9
6290,6290,9
6291,6291,9
6292,6292,9
6293,6293,9
6294,6294,9
6295,6295,9
6296,6296,9
6297,6297,9
6298,6298,9
6299,6299,9
6300,6300,9
6301,6301,9
6302,6302,9
6303,6303,9
6304,6304,9
6305,6305,9
6306,6306,9
6307,6307,9
6308,6308,9
6309,6309,9
6310,6310,9
6311,6311,9
6312,6312,9
6313,6313,9
6314,6314,9
6315,6315,9
6316,6316,9
6317,6317,9
6318,6318,9
6319,6319,9
6320,6320,9
6321,6321,9
6322,6322,9
6323,6323,9
6324,6324,9
6325,6325,9
6326,6326,9
6327,6327,9
6328,6328,9
6329,6329,9
6330,6330,9
6331,6331,9
6332,6332,9
6333,6333,9
6334,6334,9
6335,6335,9
6336,6336,9
6337,6337,9
6338,6338,9
6339,6339,9
6340,6340,9
6341,6341,9
6342,6342,9
6343,6343,9
6344,6344,9
6345,6345,9
6346,6346,9
6347,6347,9
6348,6348,9
6349,6349,9
6350,6350,9
6351,6351,9
6352,6352,9
6353,6353,9
6354,6354,9
6355,6355,9
6356,6356,9
6357,6357,9
6358,6358,9
6359,6359,9
6360,6360,9
6361,6361,9
6362,6362,9
6363,6363,9
6364,6364,9
6365,6365,9
6366,6366,9
6367,6367,9
6368,6368,9
6369,6369,9
6370,6370,9
6371,6371,9
6372,6372,9
6373,6373,9
6374,6374,9
6375,6375,9
6376,6376,9
6377,6377,9
6378,6378,9
6379,6379,9
6380,6380,9
6381,6381,9
6382,6382,9
6383,6383,9
6384,6384,9
6385,6385,9
6386,6386,9
6387,6387,9
6388,6388,9
6389,6389,9
6390,6390,9
6391,6391,9
6392,6392,9
6393,6393,9
6394,6394,9
6395,6395,9
6396,6396,9
6397,6397,9
6398,6398,9
6399,6399,9
6400,6400,9
6401,6401,9
6402,6402,9
6403,6403,9
6404,6404,9
6405,6405,9
6406,6406,9
6407,6407,9
6408,6408,9
6409,6409,9
6410,6410,9
6411,6411,9
6412,6412,9
6413,6413,9
6414,6414,9
6415,6415,9
6416,6416,9
6417,6417,9
6418,6418,9
6419,6419,9
6420,6420,9
6421,6421,9
6422,6422,9
6423,6423,9
6424,6424,9
6425,6425,9
6426,6426,9
6427,6427,9
6428,6428,9
6429,6429,9
6430,6430,9
6431,6431,9
6432,6432,9
6433,6433,9
6434,6434,9
6435,6435,9
6436,6436,9
6437,6437,9
6438,6438,9
6439,6439,9
6440,6440,9
6441,6441,9
6442,6442,9
6443,6443,9
6444,6444,9
6445,6445,9
6446,6446,9
6447,6447,9
6448,6448,9
6449,6449,9
6450,6450,9
6451,6451,9
6452,6452,9
6453,6453,9
6454,6454,9
6455,6455,9
6456,6456,9
6457,6457,9
6458,6458,9
6459,6459,9
6460,6460,9
6461,6461,9
6462,6462,9
6463,6463,9
6464,6464,9
6465,6465,9
6466,6466,9
6467,6467,9
6468,6468,9
6469,6469,9
6470,6470,9
6471,6471,9
6472,6472,9
6473,6473,9
6474,6474,9
6475,6475,9
6476,6476,9
6477,6477,9
6478,6478,9
6479,6479,9
6480,6480,9
6481,6481,9
6482,6482,9
6483,6483,9
6484,6484,9
6485,6485,9
6486,6486,9
6487,6487,9
6488,6488,9
6489,6489,9
6490,6490,9
6491,6491,9
6492,6492,9
6493,6493,9
6494,6494,9
6495,6495,9
6496,6496,9
6497,6497,9
6498,6498,9
6499,6499,9
6500,6500,9
6501,6501,9
6502,6502,9
6503,6503,9
6504,6504,9
6505,6505,9
6506,6506,9
6507,6507,9
6508,6508,9
6509,6509,9
6510,6510,9
6511,6511,9
6512,6512,9
6513,6513,9
6514,6514,9
6515,6515,9
6516,6516,9
6517,6517,9
6518,6518,9
6519,6519,9
6520,6520,9
6521,6521,9
6522,6522,9
6523,6523,9
6524,6524,9
6525,6525,9
6526,6526,9
6527,6527,9
6528,6528,9
6529,6529,9
6530,6530,9
6531,6531,9
6532,6532,9
6533,6533,9
6534,6534,9
6535,6535,9
6536,6536,9
6537,6537,9
6538,6538,9
6539,6539,9
6540,6540,9
6541,6541,9
6542,6542,9
6543,6543,9
6544,6544,9
6545,6545,9
6546,6546,9
6547,6547,9
6548,6548,9
6549,6549,9
6550,6550,9
6551,6551,9
6552,6552,9
6553,6553,9
6554,6554,9
6555,6555,9
6556,6556,9
6557,6557,9
6558,6558,9
6559,6559,9
6560,6560,9
6561,6561,9
6562,6562,9
6563,6563,9
6564,6564,9
6565,6565,9
6566,6566,9
6567,6567,9
6568,6568,9
6569,6569,9
6570,6570,9
6571,6571,9
6572,6572,9
6573,6573,9
6574,6574,9
6575,6575,9
6576,6576,9
6577,6577,9
6578,6578,9
6579,6579,9
6580,6580,9
6581,6581,9
6582,6582,9
6583,6583,9
6584,6584,9
6585,6585,9
6586,6586,9
6587,6587,9
6588,6588,9
6589,6589,9
6590,6590,9
6591,6591,9
6592,6592,9
6593,6593,9
6594,6594,9
6595,6595,9
6596,6596,9
6597,6597,9
6598,6598,9
6599,6599,9
6600,6600,9
6601,6601,9
6602,6602,9
6603,6603,9
6604,6604,9
6605,6605,9
6606,6606,9
6607,6607,9
6608,6608,9
6609,6609,9
6610,6610,9
6611,6611,9
6612,6612,9
6613,6613,9
6614,6614,9
6615,6615,9
6616,6616,9
6617,6617,9
6618,6618,9
6619,6619,9
6620,6620,9
6621,6621,9
6622,6622,9
6623,6623,9
6624,6624,9
6625,6625,9
6626,6626,9
6627,6627,9
6628,6628,9
6629,6629,9
6630,6630,9
6631,6631,9
6632,6632,9
6633,6633,9
6634,6634,9
6635,6635,9
6636,6636,9
6637,6637,9
6638,6638,9
6639,6639,9
6640,6640,9
6641,6641,9
6642,6642,9
6643,6643,9
6644,6644,9
6645,6645,9
6646,6646,9
6647,6647,9
6648,6648,9
6649,6649,9
6650,6650,9
6651,6651,9
6652,6652,9
6653,6653,9
6654,6654,9
6655,6655,9
6656,6656,9
6657,6657,9
6658,6658,9
6659,6659,9
6660,6660,9
6661,6661,9
6662,6662,9
6663,6663,9
6664,6664,9
6665,6665,9
6666,6666,9
6667,6667,9
6668,6668,9
6669,6669,9
6670,6670,9
6671,6671,9
6672,6672,9
6673,6673,9
6674,6674,9
6675,6675,9
6676,6676,9
6677,6677,9
6678,6678,9
6679,6679,9
6680,6680,9
6681,6681,9
6682,6682,9
6683,6683,9
6684,6684,9
6685,6685,9
6686,6686,9
6687,6687,9
6688,6688,9
6689,6689,9
6690,6690,9
6691,6691,9
6692,6692,9
6693,6693,9
6694,6694,9
6695,6695,9
6696,6696,9
6697,6697,9
6698,6698,9
6699,6699,9
6700,6700,9
6701,6701,9
6702,6702,9
6703,6703,9
6704,6704,9
6705,6705,9
6706,6706,9
6707,6707,9
6708,6708,9
6709,6709,9
6710,6710,9
6711,6711,9
6712,6712,9
6713,6713,9
6714,6714,9
6715,6715,9
6716,6716,9
6717,6717,9
6718,6718,9
6719,6719,9
6720,6720,9
6721,6721,9
6722,6722,9
6723,6723,9
6724,6724,9
6725,6725,9
6726,6726,9
6727,6727,9
6728,6728,9
6729,6729,9
6730,6730,9
6731,6731,9
6732,6732,9
6733,6733,9
6734,6734,9
6735,6735,9
6736,6736,9
6737,6737,9
6738,6738,9
6739,6739,9
6740,6740,9
6741,6741,9
6742,6742,9
6743,6743,9
6744,6744,9
6745,6745,9
6746,6746,9
6747,6747,9
6748,6748,9
6749,6749,9
6750,6750,9
6751,6751,9
6752,6752,9
6753,6753,9
6754,6754,9
6755,6755,9
6756,6756,9
6757,6757,9
6758,6758,9
6759,6759,9
6760,6760,9
6761,6761,9
6762,6762,9
6763,6763,9
6764,6764,9
6765,6765,9
6766,6766,9
6767,6767,9
6768,6768,9
6769,6769,9
6770,6770,9
6771,6771,9
6772,6772,9
6773,6773,9
6774,6774,9
6775,6775,9
6776,6776,9
6777,6777,9
6778,6778,9
6779,6779,9
6780,6780,9
6781,6781,9
6782,6782,9
6783,6783,9
6784,6784,9
6785,6785,9
6786,6786,9
6787,6787,9
6788,6788,9
6789,6789,9
6790,6790,9
6791,6791,9
6792,6792,9
6793,6793,9
6794,6794,9
6795,6795,9
6796,6796,9
6797,6797,9
6798,6798,9
6799,6799,9
6800,6800,9
6801,6801,9
6802,6802,9
6803,6803,9
6804,6804,9
6805,6805,9
6806,6806,9
6807,6807,9
6808,6808,9
6809,6809,9
6810,6810,9
6811,6811,9
6812,6812,9
6813,6813,9
6814,6814,9
6815,6815,9
6816,6816,9
6817,6817,9
6818,6818,9
6819,6819,9
6820,6820,9
6821,6821,9
6822,6822,9
6823,6823,9
6824,6824,9
6825,6825,9
6826,6826,9
6827,6827,9
6828,6828,9
6829,6829,9
6830,6830,9
6831,6831,9
6832,6832,9
6833,6833,9
6834,6834,9
6835,6835,9
6836,6836,9
6837,6837,9
6838,6838,9
6839,6839,9
6840,6840,9
6841,6841,9
6842,6842,9
6843,6843,9
6844,6844,9
6845,6845,9
6846,6846,9
6847,6847,9
6848,6848,9
6849,6849,9
6850,6850,9
6851,6851,9
6852,6852,9
6853,6853,9
6854,6854,9
6855,6855,9
6856,6856,9
6857,6857,9
6858,6858,9
6859,6859,9
6860,6860,9
6861,6861,9
6862,6862,9
6863,6863,9
6864,6864,9
6865,6865,9
6866,6866,9
6867,6867,9
6868,6868,9
6869,6869,9
6870,6870,9
6871,6871,9
6872,6872,9
6873,6873,9
6874,6874,9
6875,6875,9
6876,6876,9
6877,6877,9
6878,6878,9
6879,6879,9
6880,6880,9
6881,6881,9
6882,6882,9
6883,6883,9
6884,6884,9
6885,6885,9
6886,6886,9
6887,6887,9
6888,6888,9
6889,6889,9
6890,6890,9
6891,6891,9
6892,6892,9
6893,6893,9
6894,6894,9
6895,6895,9
6896,6896,9
6897,6897,9
6898,6898,9
6899,6899,9
6900,6900,9
6901,6901,9
6902,6902,9
6903,6903,9
6904,6904,9
6905,6905,9
6906,6906,9
6907,6907,9
6908,6908,9
6909,6909,9
6910,6910,9
6911,6911,9
6912,6912,9
6913,6913,9
6914,6914,9
6915,6915,9
6916,6916,9
6917,6917,9
6918,6918,9
6919,6919,9
6920,6920,9
6921,6921,9
6922,6922,9
6923,6923,9
6924,6924,9
6925,6925,9
6926,6926,9
6927,6927,9
6928,6928,9
6929,6929,9
6930,6930,9
6931,6931,9
6932,6932,9
6933,6933,9
6934,6934,9
6935,6935,9
6936,6936,9
6937,6937,9
6938,6938,9
6939,6939,9
6940,6940,9
6941,6941,9
6942,6942,9
6943,6943,9
6944,6944,9
6945,6945,9
6946,6946,9
6947,6947,9
6948,6948,9
6949,6949,9
6950,6950,9
6951,6951,9
6952,6952,9
6953,6953,9
6954,6954,9
6955,6955,9
6956,6956,9
6957,6957,9
6958,6958,9
6959,6959,9
6960,6960,9
6961,6961,9
6962,6962,9
6963,6963,9
6964,6964,9
6965,6965,9
6966,6966,9
6967,6967,9
6968,6968,9
6969,6969,9
6970,6970,9
6971,6971,9
6972,6972,9
6973,6973,9
6974,6974,9
6975,6975,9
6976,6976,9
6977,6977,9
6978,6978,9
6979,6979,9
6980,6980,9
6981,6981,9
6982,6982,9
6983,6983,9
6984,6984,9
6985,6985,9
6986,6986,9
6987,6987,9
6988,6988,9
6989,6989,9
6990,6990,9
6991,6991,9
6992,6992,9
6993,6993,9
6994,6994,9
6995,6995,9
6996,6996,9
6997,6997,9
6998,6998,9
6999,6999,9
7000,7000,9
7001,7001,9
7002,7002,9
7003,7003,9
7004,7004,9
7005,7005,9
7006,7006,9
7007,7007,9
7008,7008,9
7009,7009,9
7010,7010,9
7011,7011,9
7012,7012,9
7013,7013,9
7014,7014,9
7015,7015,9
7016,7016,9
7017,7017,9
7018,7018,9
7019,7019,9
7020,7020,9
7021,7021,9
7022,7022,9
7023,7023,9
7024,7024,9
7025,7025,9
7026,7026,9
7027,7027,9
7028,7028,9
7029,7029,9
7030,7030,9
7031,7031,9
7032,7032,9
7033,7033,9
7034,7034,9
7035,7035,9
7036,7036,9
7037,7037,9
7038,7038,9
7039,7039,9
7040,7040,9
7041,7041,9
7042,7042,9
7043,7043,9
7044,7044,9
7045,7045,9
7046,7046,9
7047,7047,9
7048,7048,9
7049,7049,9
7050,7050,9
7051,7051,9
7052,7052,9
7053,7053,9
7054,7054,9
7055,7055,9
7056,7056,9
7057,7057,9
7058,7058,9
7059,7059,9
7060,7060,9
7061,7061,9
7062,7062,9
7063,7063,9
7064,7064,9
7065,7065,9
7066,7066,9
7067,7067,9
7068,7068,9
7069,7069,9
7070,7070,9
7071,7071,9
7072,7072,9
7073,7073,9
7074,7074,9
7075,7075,9
7076,7076,9
7077,7077,9
7078,7078,9
7079,7079,9
7080,7080,9
7081,7081,9
7082,7082,9
7083,7083,9
7084,7084,9
7085,7085,9
7086,7086,9
7087,7087,9
7088,7088,9
7089,7089,9
7090,7090,9
7091,7091,9
7092,7092,9
7093,7093,9
7094,7094,9
7095,7095,9
7096,7096,9
7097,7097,9
7098,7098,9
7099,7099,9
7100,7100,9
7101,7101,9
7102,7102,9
7103,7103,9
7104,7104,9
7105,7105,9
7106,7106,9
7107,7107,9
7108,7108,9
7109,7109,9
7110,7110,9
7111,7111,9
7112,7112,9
7113,7113,9
7114,7114,9
7115,7115,9
7116,7116,9
7117,7117,9
7118,7118,9
7119,7119,9
7120,7120,9
7121,7121,9
7122,7122,9
7123,7123,9
7124,7124,9
7125,7125,9
7126,7126,9
7127,7127,9
7128,7128,9
7129,7129,9
7130,7130,9
7131,7131,9
7132,7132,9
7133,7133,9
7134,7134,9
7135,7135,9
7136,7136,9
7137,7137,9
7138,7138,9
7139,7139,9
7140,7140,9
7141,7141,9
7142,7142,9
7143,7143,9
7144,7144,9
7145,7145,9
7146,7146,9
7147,7147,9
7148,7148,9
7149,7149,9
7150,7150,9
7151,7151,9
7152,7152,9
7153,7153,9
7154,7154,9
7155,7155,9
7156,7156,9
7157,7157,9
7158,7158,9
7159,7159,9
7160,7160,9
7161,7161,9
7162,7162,9
7163,7163,9
7164,7164,9
7165,7165,9
7166,7166,9
7167,7167,9
7168,7168,9
7169,7169,9
7170,7170,9
7171,7171,9
7172,7172,9
7173,7173,9
7174,7174,9
7175,7175,9
7176,7176,9
7177,7177,9
7178,7178,9
7179,7179,9
7180,7180,9
7181,7181,9
7182,7182,9
7183,7183,9
7184,7184,9
7185,7185,9
7186,7186,9
7187,7187,9
7188,7188,9
7189,7189,9
7190,7190,9
7191,7191,9
7192,7192,9
7193,7193,9
7194,7194,9
7195,7195,9
7196,7196,9
7197,7197,9
7198,7198,9
7199,7199,9
7200,7200,9
7201,7201,9
7202,7202,9
7203,7203,9
7204,7204,9
7205,7205,9
7206,7206,9
7207,7207,9
7208,7208,9
7209,7209,9
7210,7210,9
7211,7211,9
7212,7212,9
7213,7213,9
7214,7214,9
7215,7215,9
7216,7216,9
7217,7217,9
7218,7218,9
7219,7219,9
7220,7220,9
7221,7221,9
7222,7222,9
7223,7223,9
7224,7224,9
7225,7225,9
7226,7226,9
7227,7227,9
7228,7228,9
7229,7229,9
7230,7230,9
7231,7231,9
7232,7232,9
7233,7233,9
7234,7234,9
7235,7235,9
7236,7236,9
7237,7237,9
7238,7238,9
7239,7239,9
7240,7240,9
7241,7241,9
7242,7242,9
7243,7243,9
7244,7244,9
7245,7245,9
7246,7246,9
7247,7247,9
7248,7248,9
7249,7249,9
7250,7250,9
7251,7251,9
7252,7252,9
7253,7253,9
7254,7254,9
7255,7255,9
7256,7256,9
7257,7257,9
7258,7258,9
7259,7259,9
7260,7260,9
7261,7261,9
7262,7262,9
7263,7263,9
7264,7264,9
7265,7265,9
7266,7266,9
7267,7267,9
7268,7268,9
7269,7269,9
7270,7270,9
7271,7271,9
7272,7272,9
7273,7273,9
7274,7274,9
7275,7275,9
7276,7276,9
7277,7277,9
7278,7278,9
7279,7279,9
7280,7280,9
7281,7281,9
7282,7282,9
7283,7283,9
7284,7284,9
7285,7285,9
7286,7286,9
7287,7287,9
7288,7288,9
7289,7289,9
7290,7290,9
7291,7291,9
7292,7292,9
7293,7293,9
7294,7294,9
7295,7295,9
7296,7296,9
7297,7297,9
7298,7298,9
7299,7299,9
7300,7300,9
7301,7301,9
7302,7302,9
7303,7303,9
7304,7304,9
7305,7305,9
7306,7306,9
7307,7307,9
7308,7308,9
7309,7309,9
7310,7310,9
7311,7311,9
7312,7312,9
7313,7313,9
7314,7314,9
7315,7315,9
7316,7316,9
7317,7317,9
7318,7318,9
7319,7319,9
7320,7320,9
7321,7321,9
7322,7322,9
7323,7323,9
7324,7324,9
7325,7325,9
7326,7326,9
7327,7327,9
7328,7328,9
7329,7329,9
7330,7330,9
7331,7331,9
7332,7332,9
7333,7333,9
7334,7334,9
7335,7335,9
7336,7336,9
7337,7337,9
7338,7338,9
7339,7339,9
7340,7340,9
7341,7341,9
7342,7342,9
7343,7343,9
7344,7344,9
7345,7345,9
7346,7346,9
7347,7347,9
7348,7348,9
7349,7349,9
7350,7350,9
7351,7351,9
7352,7352,9
7353,7353,9
7354,7354,9
7355,7355,9
7356,7356,9
7357,7357,9
7358,7358,9
7359,7359,9
7360,7360,9
7361,7361,9
7362,7362,9
7363,7363,9
7364,7364,9
7365,7365,9
7366,7366,9
7367,7367,9
7368,7368,9
7369,7369,9
7370,7370,9
7371,7371,9
7372,7372,9
7373,7373,9
7374,7374,9
7375,7375,9
7376,7376,9
7377,7377,9
7378,7378,9
7379,7379,9
7380,7380,9
7381,7381,9
7382,7382,9
7383,7383,9
7384,7384,9
7385,7385,9
7386,7386,9
7387,7387,9
7388,7388,9
7389,7389,9
7390,7390,9
7391,7391,9
7392,7392,9
7393,7393,9
7394,7394,9
7395,7395,9
7396,7396,9
7397,7397,9
7398,7398,9
7399,7399,9
7400,7400,9
7401,7401,9
7402,7402,9
7403,7403,9
7404,7404,9
7405,7405,9
7406,7406,9
7407,7407,9
7408,7408,9
7409,7409,9
7410,7410,9
7411,7411,9
7412,7412,9
7413,7413,9
7414,7414,9
7415,7415,9
7416,7416,9
7417,7417,9
7418,7418,9
7419,7419,9
7420,7420,9
7421,7421,9
7422,7422,9
7423,7423,9
7424,7424,9
7425,7425,9
7426,7426,9
7427,7427,9
7428,7428,9
7429,7429,9
7430,7430,9
7431,7431,9
7432,7432,9
7433,7433,9
7434,7434,9
7435,7435,9
7436,7436,9
7437,7437,9
7438,7438,9
7439,7439,9
7440,7440,9
7441,7441,9
7442,7442,9
7443,7443,9
7444,7444,9
7445,7445,9
7446,7446,9
7447,7447,9
7448,7448,9
7449,7449,9
7450,7450,9
7451,7451,9
7452,7452,9
7453,7453,9
7454,7454,9
7455,7455,9
7456,7456,9
7457,7457,9
7458,7458,9
7459,7459,9
7460,7460,9
7461,7461,9
7462,7462,9
7463,7463,9
7464,7464,9
7465,7465,9
7466,7466,9
7467,7467,9
7468,7468,9
7469,7469,9
7470,7470,9
7471,7471,9
7472,7472,9
7473,7473,9
7474,7474,9
7475,7475,9
7476,7476,9
7477,7477,9
7478,7478,9
7479,7479,9
7480,7480,9
7481,7481,9
7482,7482,9
7483,7483,9
7484,7484,9
7485,7485,9
7486,7486,9
7487,7487,9
7488,7488,9
7489,7489,9
7490,7490,9
7491,7491,9
7492,7492,9
7493,7493,9
7494,7494,9
7495,7495,9
7496,7496,9
7497,7497,9
7498,7498,9
7499,7499,9
7500,7500,9
7501,7501,9
7502,7502,9
7503,7503,9
7504,7504,9
7505,7505,9
7506,7506,9
7507,7507,9
7508,7508,9
7509,7509,9
7510,7510,9
7511,7511,9
7512,7512,9
7513,7513,9
7514,7514,9
7515,7515,9
7516,7516,9
7517,7517,9
7518,7518,9
7519,7519,9
7520,7520,9
7521,7521,9
7522,7522,9
7523,7523,9
7524,7524,9
7525,7525,9
7526,7526,9
7527,7527,9
7528,7528,9
7529,7529,9
7530,7530,9
7531,7531,9
7532,7532,9
7533,7533,9
7534,7534,9
7535,7535,9
7536,7536,9
7537,7537,9
7538,7538,9
7539,7539,9
7540,7540,9
7541,7541,9
7542,7542,9
7543,7543,9
7544,7544,9
7545,7545,9
7546,7546,9
7547,7547,9
7548,7548,9
7549,7549,9
7550,7550,9
7551,7551,9
7552,7552,9
7553,7553,9
7554,7554,9
7555,7555,9
7556,7556,9
7557,7557,9
7558,7558,9
7559,7559,9
7560,7560,9
7561,7561,9
7562,7562,9
7563,7563,9
7564,7564,9
7565,7565,9
7566,7566,9
7567,7567,9
7568,7568,9
7569,7569,9
7570,7570,9
7571,7571,9
7572,7572,9
7573,7573,9
7574,7574,9
7575,7575,9
7576,7576,9
7577,7577,9
7578,7578,9
7579,7579,9
7580,7580,9
7581,7581,9
7582,7582,9
7583,7583,9
7584,7584,9
7585,7585,9
7586,7586,9
7587,7587,9
7588,7588,9
7589,7589,9
7590,7590,9
7591,7591,9
7592,7592,9
7593,7593,9
7594,7594,9
7595,7595,9
7596,7596,9
7597,7597,9
7598,7598,9
7599,7599,9
7600,7600,9
7601,7601,9
7602,7602,9
7603,7603,9
7604,7604,9
7605,7605,9
7606,7606,9
7607,7607,9
7608,7608,9
7609,7609,9
7610,7610,9
7611,7611,9
7612,7612,9
7613,7613,9
7614,7614,9
7615,7615,9
7616,7616,9
7617,7617,9
7618,7618,9
7619,7619,9
7620,7620,9
7621,7621,9
7622,7622,9
7623,7623,9
7624,7624,9
7625,7625,9
7626,7626,9
7627,7627,9
7628,7628,9
7629,7629,9
7630,7630,9
7631,7631,9
7632,7632,9
7633,7633,9
7634,7634,9
7635,7635,9
7636,7636,9
7637,7637,9
7638,7638,9
7639,7639,9
7640,7640,9
7641,7641,9
7642,7642,9
7643,7643,9
7644,7644,9
7645,7645,9