source,target,assigned_topic
214,427,1
214,428,1
214,429,1
214,430,1
214,431,1
214,432,1
214,433,1
214,434,1
214,435,1
214,436,1
215,437,2
215,438,2
215,439,2
215,440,2
215,441,2
215,442,2
215,443,2
215,444,2
215,445,2
215,446,2
215,447,2
215,448,2
215,449,2
216,450,2
216,451,2
216,452,2
216,453,2
216,454,2
217,455,-1
217,456,-1
217,457,-1
217,458,-1
217,459,-1
217,460,-1
217,461,-1
217,462,-1
217,463,-1
217,464,-1
217,465,-1
217,466,-1
217,467,-1
217,468,-1
217,469,-1
217,470,-1
217,471,-1
217,472,-1
217,473,-1
217,474,-1
217,475,-1
217,476,-1
217,477,-1
217,478,-1
217,479,-1
217,480,-1
217,481,-1
217,482,-1
217,483,-1
217,484,-1
217,485,-1
217,486,-1
217,487,-1
217,488,-1
217,489,-1
217,490,-1
217,491,-1
217,492,-1
217,493,-1
217,494,-1
217,495,-1
217,496,-1
217,497,-1
218,498,0
218,499,0
218,500,0
218,501,0
218,502,0
218,503,0
218,504,0
218,505,0
218,506,0
218,507,0
218,508,0
218,509,0
218,510,0
218,511,0
218,512,0
218,513,0
218,514,0
218,451,0
218,515,0
218,516,0
218,517,0
218,518,0
218,519,0
218,520,0
218,521,0
218,522,0
218,523,0
218,524,0
218,525,0
218,526,0
218,527,0
218,528,0
218,529,0
218,530,0
218,531,0
218,532,0
218,533,0
218,534,0
218,535,0
218,536,0
218,537,0
218,538,0
218,539,0
218,540,0
218,264,0
218,541,0
218,542,0
218,543,0
218,544,0
218,545,0
218,546,0
218,547,0
218,548,0
218,549,0
218,550,0
218,551,0
218,552,0
218,553,0
218,554,0
218,555,0
218,556,0
218,557,0
218,558,0
218,559,0
218,560,0
218,561,0
218,562,0
219,563,4
219,564,4
219,565,4
219,566,4
219,567,4
219,568,4
219,569,4
219,570,4
219,571,4
219,572,4
219,573,4
219,574,4
219,575,4
219,576,4
219,577,4
219,578,4
219,579,4
219,580,4
219,581,4
219,582,4
219,583,4
219,584,4
219,585,4
219,586,4
219,587,4
219,588,4
219,589,4
219,590,4
219,591,4
219,592,4
219,593,4
219,594,4
219,278,4
219,595,4
219,596,4
219,597,4
219,598,4
219,599,4
219,600,4
219,601,4
219,602,4
219,603,4
219,604,4
219,605,4
219,606,4
219,607,4
219,608,4
219,609,4
219,610,4
219,611,4
219,612,4
219,613,4
219,614,4
219,615,4
219,616,4
219,617,4
219,618,4
219,619,4
219,620,4
219,621,4
219,622,4
219,623,4
219,624,4
219,625,4
219,626,4
219,627,4
219,628,4
219,629,4
220,630,0
220,631,0
220,632,0
220,633,0
220,634,0
220,635,0
220,636,0
220,637,0
221,638,-1
221,639,-1
221,640,-1
221,641,-1
221,642,-1
221,643,-1
221,644,-1
221,645,-1
221,646,-1
221,647,-1
221,648,-1
221,649,-1
221,650,-1
221,651,-1
221,652,-1
221,653,-1
221,654,-1
221,655,-1
221,656,-1
221,429,-1
222,657,0
222,658,0
222,659,0
222,660,0
222,661,0
222,662,0
222,663,0
222,664,0
223,665,0
223,666,0
223,667,0
223,668,0
223,669,0
223,670,0
223,671,0
223,672,0
223,673,0
223,674,0
223,675,0
223,676,0
223,677,0
223,678,0
223,679,0
223,680,0
223,681,0
223,682,0
223,683,0
223,684,0
224,685,0
224,686,0
224,687,0
224,561,0
224,688,0
224,689,0
224,690,0
224,691,0
224,692,0
224,693,0
224,694,0
224,695,0
224,696,0
224,697,0
224,698,0
224,699,0
224,700,0
224,701,0
224,702,0
224,703,0
224,704,0
224,705,0
224,706,0
224,707,0
224,708,0
224,709,0
224,710,0
224,711,0
224,712,0
224,713,0
224,714,0
224,715,0
224,716,0
224,717,0
224,718,0
224,719,0
224,720,0
224,721,0
224,722,0
224,723,0
224,724,0
224,725,0
224,726,0
224,727,0
224,728,0
224,729,0
224,730,0
224,731,0
224,732,0
224,733,0
224,734,0
224,735,0
224,736,0
224,737,0
224,738,0
224,739,0
224,740,0
224,741,0
224,742,0
224,743,0
225,744,8
225,745,8
225,746,8
225,747,8
225,748,8
225,749,8
225,750,8
225,751,8
225,247,8
225,752,8
225,753,8
225,754,8
225,755,8
225,756,8
225,757,8
225,758,8
225,759,8
225,760,8
225,761,8
225,762,8
225,763,8
225,764,8
225,765,8
225,766,8
225,767,8
225,768,8
225,769,8
225,770,8
225,771,8
225,772,8
225,773,8
225,774,8
225,775,8
225,776,8
225,777,8
225,778,8
225,779,8
225,780,8
225,781,8
225,782,8
225,783,8
225,784,8
225,785,8
225,786,8
225,787,8
225,788,8
225,789,8
225,790,8
225,791,8
225,792,8
225,793,8
225,794,8
225,795,8
225,796,8
225,639,8
225,797,8
225,798,8
225,799,8
225,800,8
225,801,8
225,802,8
225,803,8
225,804,8
225,805,8
225,806,8
225,807,8
225,808,8
225,809,8
225,810,8
225,811,8
225,812,8
225,602,8
225,813,8
225,814,8
225,815,8
225,816,8
225,817,8
225,818,8
225,819,8
225,646,8
225,820,8
225,821,8
225,822,8
225,823,8
225,824,8
225,825,8
225,826,8
225,827,8
225,828,8
225,829,8
225,830,8
225,831,8
225,643,8
225,832,8
225,604,8
225,833,8
225,834,8
225,835,8
225,836,8
225,837,8
225,838,8
225,839,8
226,840,2
226,841,2
226,451,2
226,842,2
226,843,2
226,844,2
226,845,2
226,846,2
226,847,2
226,848,2
226,849,2
226,850,2
226,851,2
226,743,2
226,852,2
226,853,2
226,854,2
226,855,2
226,856,2
226,857,2
226,858,2
226,859,2
226,860,2
226,861,2
226,862,2
226,553,2
226,863,2
226,864,2
226,865,2
226,263,2
227,866,1
227,867,1
227,868,1
227,869,1
227,870,1
227,871,1
227,872,1
227,873,1
227,874,1
228,875,0
228,545,0
228,876,0
228,877,0
228,878,0
228,879,0
228,880,0
228,881,0
228,285,0
228,882,0
228,883,0
228,884,0
228,885,0
228,886,0
228,887,0
228,888,0
228,889,0
228,890,0
228,891,0
228,892,0
228,893,0
228,894,0
228,895,0
228,896,0
228,897,0
228,898,0
228,899,0
228,900,0
228,901,0
228,902,0
228,903,0
228,904,0
228,905,0
228,906,0
228,907,0
228,908,0
228,909,0
228,910,0
228,911,0
228,912,0
228,913,0
228,914,0
228,915,0
228,916,0
228,917,0
228,918,0
228,919,0
228,920,0
228,921,0
228,922,0
228,923,0
229,924,-1
229,925,-1
229,926,-1
229,927,-1
229,928,-1
229,929,-1
229,930,-1
229,931,-1
229,932,-1
229,933,-1
230,934,7
230,927,7
230,935,7
230,936,7
230,937,7
230,938,7
230,939,7
230,940,7
230,941,7
230,643,7
230,942,7
230,943,7
230,529,7
230,944,7
230,945,7
230,946,7
230,947,7
230,948,7
230,949,7
230,950,7
230,951,7
230,952,7
230,953,7
230,954,7
230,955,7
230,956,7
230,957,7
231,958,-1
231,959,-1
231,960,-1
231,961,-1
231,962,-1
231,963,-1
231,964,-1
231,965,-1
231,966,-1
231,967,-1
231,968,-1
231,969,-1
231,970,-1
231,971,-1
231,859,-1
231,972,-1
231,973,-1
231,974,-1
231,518,-1
231,975,-1
231,976,-1
231,977,-1
231,978,-1
231,979,-1
231,980,-1
231,981,-1
231,982,-1
231,983,-1
231,984,-1
231,985,-1
231,986,-1
231,987,-1
231,988,-1
231,519,-1
231,989,-1
231,990,-1
231,991,-1
231,992,-1
231,993,-1
231,994,-1
231,995,-1
231,996,-1
231,997,-1
231,998,-1
231,999,-1
231,1000,-1
231,1001,-1
231,1002,-1
231,1003,-1
231,1004,-1
231,1005,-1
231,1006,-1
231,1007,-1
231,1008,-1
231,1009,-1
231,1010,-1
231,1011,-1
231,1012,-1
231,1013,-1
231,1014,-1
231,1015,-1
231,1016,-1
231,1017,-1
231,1018,-1
231,1019,-1
231,1020,-1
231,1021,-1
231,1022,-1
231,1023,-1
231,1024,-1
231,1025,-1
231,1026,-1
231,1027,-1
231,1028,-1
231,1029,-1
231,1030,-1
231,1031,-1
231,1032,-1
231,1033,-1
231,1034,-1
231,1035,-1
231,1036,-1
231,839,-1
231,1037,-1
231,1038,-1
231,1039,-1
231,1040,-1
231,1041,-1
231,1042,-1
231,1043,-1
231,1044,-1
231,1045,-1
231,1046,-1
231,1047,-1
231,303,-1
231,1048,-1
231,1049,-1
231,1050,-1
231,1051,-1
231,1052,-1
231,1053,-1
231,1054,-1
231,1055,-1
231,1056,-1
231,1057,-1
231,1058,-1
231,1059,-1
231,1060,-1
231,1061,-1
231,1062,-1
231,1063,-1
231,1064,-1
231,1065,-1
231,1066,-1
231,1067,-1
231,1068,-1
231,1069,-1
231,1070,-1
231,1071,-1
231,1072,-1
231,1073,-1
231,1074,-1
231,1075,-1
231,1076,-1
231,1077,-1
231,1078,-1
232,1079,0
232,1080,0
232,659,0
232,660,0
232,1081,0
232,1082,0
232,1083,0
232,662,0
232,1084,0
232,1085,0
232,1086,0
232,1087,0
233,1088,0
233,1089,0
233,1090,0
233,1091,0
233,1092,0
233,1093,0
233,1094,0
233,1095,0
233,1096,0
233,1097,0
233,1098,0
233,1099,0
233,1100,0
233,1101,0
233,1102,0
233,1103,0
233,1104,0
233,1105,0
233,1106,0
233,237,0
233,1107,0
233,1108,0
233,1109,0
233,1110,0
233,690,0
233,1111,0
233,1112,0
233,1113,0
233,672,0
233,1114,0
233,1115,0
233,1116,0
233,1117,0
233,1118,0
233,1119,0
233,1120,0
233,1121,0
233,1122,0
233,529,0
233,1123,0
233,1124,0
233,1125,0
233,1126,0
233,1127,0
233,1128,0
233,1129,0
233,1130,0
233,1131,0
233,1132,0
233,1133,0
233,1134,0
233,1135,0
233,1136,0
233,1137,0
233,1138,0
233,1139,0
233,1140,0
233,1141,0
233,1142,0
233,1143,0
233,538,0
233,1144,0
233,1145,0
233,1146,0
233,1147,0
233,1148,0
233,1149,0
233,1150,0
233,1151,0
233,1152,0
233,1153,0
233,1154,0
233,1155,0
233,1156,0
233,1157,0
233,1158,0
233,1159,0
233,1160,0
233,1161,0
233,1162,0
233,1163,0
233,1164,0
233,1165,0
233,1166,0
234,1167,6
234,1168,6
234,1169,6
234,1170,6
234,1171,6
234,1172,6
234,1173,6
234,1174,6
234,1175,6
234,672,6
234,529,6
234,1176,6
234,1177,6
234,1178,6
234,1179,6
234,1138,6
234,1180,6
234,1181,6
234,1182,6
234,1183,6
234,1184,6
234,1185,6
234,1186,6
234,1187,6
234,1188,6
234,1189,6
234,1190,6
234,1191,6
234,1192,6
234,1193,6
234,1194,6
234,1195,6
234,1196,6
234,1197,6
234,1198,6
234,1199,6
234,1200,6
234,1201,6
234,1202,6
234,1203,6
234,1204,6
234,1205,6
234,1206,6
234,1207,6
234,1208,6
234,1209,6
234,1210,6
234,1211,6
234,1212,6
234,1213,6
234,1214,6
234,1136,6
234,1215,6
234,1216,6
234,1217,6
234,1218,6
234,1219,6
234,1220,6
234,1221,6
234,1222,6
234,1223,6
234,1224,6
234,1225,6
234,1226,6
234,1227,6
234,1228,6
234,1229,6
234,1230,6
234,1231,6
234,1232,6
234,1233,6
234,1234,6
234,1235,6
234,1236,6
234,1237,6
234,1238,6
234,1239,6
234,1240,6
234,1241,6
234,1242,6
234,1243,6
234,1244,6
234,1245,6
234,1246,6
234,1247,6
234,1248,6
234,1249,6
234,1250,6
234,1251,6
234,1252,6
234,1253,6
234,1254,6
234,1255,6
234,1256,6
234,1257,6
234,1258,6
234,1259,6
234,1260,6
234,695,6
234,1261,6
234,1262,6
234,675,6
234,1263,6
234,1264,6
234,674,6
234,1265,6
234,1266,6
234,1267,6
234,1268,6
234,1269,6
234,1270,6
234,1271,6
234,1272,6
234,1273,6
234,1274,6
234,1275,6
234,676,6
234,1276,6
234,1277,6
234,1278,6
234,1279,6
234,1280,6
234,1281,6
234,1282,6
234,1283,6
234,979,6
234,1284,6
234,1285,6
234,660,6
234,1286,6
234,1152,6
234,1287,6
234,1288,6
234,1289,6
234,1290,6
234,1291,6
234,1292,6
234,1293,6
234,1294,6
234,1295,6
234,1296,6
235,1297,0
235,1298,0
235,970,0
235,1299,0
235,1300,0
235,342,0
235,1301,0
235,1302,0
235,734,0
235,1303,0
235,1304,0
235,265,0
235,690,0
235,1305,0
235,1306,0
235,1307,0
235,1308,0
235,1309,0
235,1310,0
235,1311,0
235,1312,0
235,1313,0
235,1314,0
235,1315,0
235,1316,0
235,1317,0
235,1318,0
235,1319,0
235,1320,0
235,1321,0
235,1322,0
235,1323,0
235,250,0
235,1324,0
235,1325,0
235,1326,0
235,1327,0
235,1328,0
235,1329,0
235,1330,0
235,1331,0
235,1332,0
235,1000,0
235,1333,0
235,529,0
235,1334,0
235,845,0
235,1335,0
235,1336,0
235,1337,0
236,1338,0
236,1339,0
236,1340,0
236,1341,0
236,1342,0
236,1343,0
236,1344,0
236,1345,0
236,1346,0
236,1347,0
236,1348,0
236,1349,0
236,1350,0
236,1351,0
236,1352,0
236,1353,0
236,1354,0
236,1355,0
236,1356,0
236,1357,0
236,1358,0
236,1359,0
236,1360,0
236,1361,0
236,1362,0
236,1363,0
237,1364,0
237,1365,0
237,1366,0
237,1367,0
237,841,0
237,1368,0
237,1369,0
237,1370,0
237,1371,0
237,1372,0
237,1373,0
237,707,0
237,1374,0
237,1375,0
237,1376,0
237,1377,0
237,1378,0
237,1379,0
237,1380,0
237,1381,0
237,1382,0
237,1383,0
237,1384,0
237,1385,0
237,1386,0
237,1387,0
237,1388,0
237,1389,0
237,1390,0
237,1391,0
237,1392,0
237,1393,0
238,1394,0
238,1251,0
238,1395,0
238,1396,0
238,451,0
238,1397,0
238,1398,0
238,1399,0
238,1400,0
238,1401,0
238,847,0
238,1402,0
238,1403,0
238,1404,0
238,1405,0
238,1406,0
238,1216,0
238,1407,0
238,1408,0
238,1409,0
238,1410,0
238,1250,0
238,1411,0
238,1412,0
238,1413,0
238,1414,0
238,1415,0
238,1416,0
238,1417,0
238,1418,0
238,1419,0
238,1420,0
239,1421,1
239,1422,1
239,1423,1
239,1424,1
239,1425,1
239,1426,1
239,1427,1
239,1428,1
239,1429,1
239,1430,1
239,1431,1
239,1432,1
239,1433,1
239,1434,1
240,1435,3
241,1436,0
241,1437,0
241,1438,0
241,1439,0
241,1440,0
241,1441,0
241,659,0
241,1442,0
241,1443,0
241,1444,0
241,1445,0
241,1446,0
241,1447,0
241,1448,0
241,1449,0
241,1450,0
241,1451,0
241,1452,0
241,1453,0
241,1454,0
241,1455,0
241,1456,0
241,1457,0
241,1458,0
241,1459,0
241,1460,0
241,1461,0
241,1462,0
241,1463,0
241,1464,0
241,1465,0
241,1466,0
241,1467,0
241,1468,0
241,1469,0
241,1470,0
241,1471,0
241,1472,0
241,1473,0
241,1474,0
241,1475,0
241,1476,0
241,1477,0
241,1478,0
241,1479,0
241,1480,0
241,1481,0
241,1482,0
241,1483,0
241,1484,0
241,1485,0
241,1486,0
241,1487,0
241,1488,0
241,1489,0
241,1490,0
241,1491,0
241,1492,0
242,1493,0
242,1494,0
242,1495,0
242,1496,0
242,1497,0
242,529,0
242,672,0
242,1498,0
242,1499,0
242,1500,0
242,1501,0
242,1502,0
242,1503,0
242,1504,0
242,352,0
242,1505,0
242,1138,0
242,1506,0
242,1116,0
242,246,0
242,1507,0
242,1508,0
242,1509,0
242,1510,0
242,1511,0
242,1512,0
242,1513,0
242,1514,0
242,1515,0
242,1516,0
242,1517,0
242,1518,0
242,1519,0
242,1520,0
242,1521,0
242,1522,0
242,1523,0
242,1524,0
242,1525,0
242,1526,0
242,1527,0
242,1528,0
242,1529,0
242,1530,0
242,1531,0
242,1532,0
242,1533,0
242,1534,0
242,1535,0
242,1536,0
242,1537,0
242,1538,0
242,1539,0
242,1540,0
242,1541,0
242,1542,0
242,1543,0
242,1544,0
242,1545,0
242,1302,0
242,1546,0
242,1547,0
242,1548,0
242,1549,0
242,1550,0
242,1551,0
242,1552,0
242,1553,0
242,1554,0
242,1555,0
242,1556,0
242,1557,0
242,1558,0
242,1559,0
242,1560,0
242,1561,0
242,1562,0
242,1563,0
242,1564,0
242,1565,0
242,1566,0
242,1567,0
242,1568,0
242,1268,0
242,1569,0
242,1570,0
242,1571,0
242,1572,0
242,1573,0
242,1574,0
242,1575,0
242,1576,0
242,1577,0
242,1578,0
242,1579,0
242,1580,0
242,1581,0
242,1582,0
242,1583,0
242,1584,0
242,1585,0
242,1586,0
242,1587,0
242,1588,0
242,1589,0
243,1590,6
243,1591,6
243,1592,6
243,1593,6
243,1594,6
243,1595,6
243,1596,6
243,1597,6
243,1598,6
243,1599,6
243,1600,6
243,1601,6
243,1602,6
243,1603,6
243,1604,6
243,1605,6
243,845,6
243,660,6
243,1606,6
243,1607,6
243,1608,6
243,1609,6
243,1610,6
243,1611,6
243,1612,6
243,1613,6
243,1614,6
243,1615,6
243,1616,6
243,1617,6
243,1618,6
243,1619,6
243,1620,6
243,1621,6
243,1622,6
243,1623,6
243,1624,6
243,1625,6
243,1626,6
243,1627,6
243,1628,6
243,1629,6
243,1630,6
243,1631,6
243,1632,6
243,1633,6
243,1634,6
243,1635,6
243,1636,6
243,1637,6
243,1638,6
243,1639,6
243,1640,6
243,1641,6
243,1642,6
243,1643,6
243,1644,6
244,1645,-1
244,1646,-1
244,1591,-1
244,1647,-1
244,1648,-1
244,1649,-1
244,1650,-1
244,1651,-1
244,1652,-1
244,1653,-1
244,1654,-1
244,1655,-1
244,1656,-1
244,1657,-1
244,1658,-1
244,1659,-1
244,1660,-1
244,1661,-1
244,1662,-1
244,1663,-1
244,841,-1
244,1664,-1
244,1665,-1
244,1666,-1
244,1667,-1
244,1668,-1
244,1669,-1
244,1670,-1
244,1671,-1
244,1672,-1
244,1673,-1
244,1674,-1
244,1675,-1
244,1676,-1
244,1677,-1
244,1678,-1
244,1679,-1
244,1680,-1
244,1681,-1
244,1682,-1
244,1683,-1
244,1684,-1
244,1685,-1
244,1686,-1
244,1687,-1
244,1688,-1
244,1689,-1
244,1252,-1
244,1690,-1
244,1691,-1
244,1692,-1
244,1693,-1
244,1694,-1
244,1695,-1
244,1696,-1
244,1697,-1
244,1698,-1
244,1699,-1
244,1700,-1
244,1701,-1
244,1702,-1
244,1703,-1
244,1704,-1
244,1613,-1
244,1705,-1
244,1321,-1
244,1706,-1
244,1707,-1
244,370,-1
244,1708,-1
244,1709,-1
244,1710,-1
244,1711,-1
244,1712,-1
244,1713,-1
244,1714,-1
244,1715,-1
244,1716,-1
244,1717,-1
244,1718,-1
244,1719,-1
244,1427,-1
244,1720,-1
244,1721,-1
244,1722,-1
244,1723,-1
244,1724,-1
244,1725,-1
244,1726,-1
244,1727,-1
244,855,-1
244,1728,-1
244,1729,-1
244,1730,-1
244,1731,-1
244,1732,-1
244,1733,-1
244,1734,-1
244,1735,-1
244,1736,-1
244,1737,-1
244,1738,-1
244,1739,-1
244,1740,-1
244,1741,-1
244,1742,-1
244,1743,-1
244,1744,-1
244,1745,-1
244,1746,-1
244,1747,-1
244,1748,-1
244,1749,-1
244,1750,-1
244,1751,-1
244,1752,-1
244,1753,-1
244,1496,-1
244,1754,-1
245,1755,0
245,1756,0
245,1757,0
245,1758,0
245,1759,0
245,1760,0
245,1761,0
245,1762,0
245,1763,0
245,1764,0
245,1765,0
245,1766,0
245,1767,0
245,1768,0
245,1769,0
245,1770,0
245,1771,0
245,743,0
245,1772,0
245,1773,0
245,1774,0
245,1775,0
245,1776,0
245,1777,0
245,1778,0
245,1779,0
245,1780,0
245,972,0
245,1781,0
245,1782,0
245,1783,0
245,1784,0
245,1785,0
245,1786,0
246,1787,0
246,1788,0
246,1789,0
246,1790,0
246,1791,0
246,927,0
246,1792,0
246,1793,0
246,1794,0
246,1795,0
246,529,0
246,1796,0
246,1797,0
246,1798,0
246,1799,0
246,1334,0
246,1800,0
246,1801,0
246,1802,0
246,672,0
246,1803,0
246,1804,0
246,1805,0
246,1806,0
246,375,0
246,1807,0
246,1808,0
246,1809,0
246,1810,0
246,1088,0
246,1811,0
246,1812,0
246,1813,0
246,1814,0
246,1815,0
246,1816,0
246,1817,0
246,1818,0
246,1819,0
246,681,0
246,1820,0
246,1821,0
246,1822,0
246,1823,0
246,1824,0
246,1825,0
246,1826,0
246,1827,0
246,1828,0
246,1829,0
246,1830,0
246,1831,0
246,1832,0
246,1833,0
246,1834,0
246,1835,0
246,1836,0
246,1837,0
246,660,0
246,1177,0
247,1838,8
247,639,8
247,1839,8
247,1840,8
247,1841,8
247,646,8
247,1842,8
247,1843,8
247,1844,8
247,1845,8
247,1846,8
248,1847,-1
248,1848,-1
248,1849,-1
248,941,-1
248,1850,-1
248,1851,-1
248,1852,-1
248,1853,-1
248,1854,-1
248,1855,-1
248,1856,-1
248,1857,-1
248,1858,-1
248,1859,-1
248,1860,-1
248,1861,-1
248,1862,-1
248,1863,-1
248,1864,-1
248,1865,-1
248,1866,-1
248,1867,-1
248,1868,-1
249,1869,0
249,1870,0
249,1871,0
249,1872,0
249,1873,0
249,1874,0
249,1875,0
249,1876,0
249,1877,0
249,1878,0
249,1879,0
249,1880,0
249,672,0
249,1881,0
249,1882,0
249,1883,0
249,1884,0
249,1885,0
249,1886,0
249,1887,0
249,1810,0
249,1888,0
249,1889,0
249,1890,0
249,538,0
249,1891,0
249,1892,0
249,1409,0
249,1893,0
249,1894,0
249,1895,0
249,1896,0
249,1897,0
249,1898,0
249,1899,0
249,1900,0
249,1495,0
249,1901,0
250,1902,0
250,1903,0
250,1772,0
250,1904,0
250,1773,0
250,1748,0
250,518,0
250,1905,0
250,1906,0
250,1907,0
250,1908,0
250,1909,0
250,1910,0
250,1911,0
250,1912,0
250,1408,0
250,973,0
250,1913,0
250,1914,0
250,1915,0
250,1916,0
250,1444,0
250,1917,0
250,1447,0
250,1481,0
250,1918,0
250,1919,0
250,1920,0
250,1921,0
251,1922,6
251,1923,6
251,1924,6
251,1925,6
251,1926,6
251,1927,6
251,1615,6
251,1157,6
251,1928,6
251,669,6
251,1929,6
251,1930,6
251,1931,6
251,1932,6
251,1933,6
252,1934,2
252,1935,2
252,1936,2
252,1937,2
252,1938,2
252,1939,2
252,1940,2
253,1941,-1
253,1204,-1
253,239,-1
253,1942,-1
253,1943,-1
253,1944,-1
253,1945,-1
253,1946,-1
253,1947,-1
253,1948,-1
253,1949,-1
253,1950,-1
253,579,-1
253,1951,-1
253,1952,-1
253,1953,-1
253,1954,-1
253,1955,-1
253,1956,-1
253,1957,-1
253,1958,-1
253,1959,-1
253,1960,-1
253,643,-1
253,1961,-1
253,1962,-1
253,1963,-1
253,1964,-1
253,1965,-1
253,1966,-1
253,1967,-1
253,1968,-1
253,1969,-1
253,1970,-1
253,1971,-1
253,1972,-1
253,1973,-1
253,1974,-1
253,1975,-1
253,1976,-1
253,1977,-1
253,1978,-1
253,1979,-1
253,1980,-1
253,1981,-1
253,1982,-1
253,1983,-1
253,1984,-1
253,1985,-1
253,1986,-1
253,1987,-1
253,1988,-1
253,1989,-1
253,1990,-1
253,1410,-1
253,1991,-1
253,1992,-1
253,1993,-1
253,1994,-1
253,1995,-1
253,1996,-1
253,1997,-1
253,1998,-1
253,1999,-1
253,2000,-1
253,2001,-1
253,2002,-1
253,2003,-1
253,2004,-1
253,2005,-1
253,2006,-1
253,2007,-1
253,2008,-1
253,2009,-1
253,2010,-1
253,2011,-1
253,2012,-1
253,2013,-1
253,2014,-1
253,2015,-1
253,2016,-1
253,2017,-1
253,2018,-1
253,2019,-1
253,2020,-1
253,2021,-1
253,2022,-1
253,2023,-1
253,2024,-1
253,2025,-1
253,2026,-1
253,2027,-1
253,2028,-1
253,2029,-1
253,2030,-1
253,2031,-1
253,2032,-1
253,2033,-1
253,2034,-1
253,2035,-1
253,2036,-1
253,957,-1
253,2037,-1
254,2038,-1
254,2039,-1
254,2040,-1
254,2041,-1
254,2042,-1
254,1093,-1
254,2043,-1
254,2044,-1
254,2045,-1
254,2046,-1
254,2047,-1
254,2048,-1
254,2049,-1
254,2050,-1
254,2051,-1
254,2052,-1
254,2053,-1
254,1509,-1
254,2054,-1
254,2055,-1
254,2056,-1
254,451,-1
254,2057,-1
254,2058,-1
254,2059,-1
254,516,-1
254,2060,-1
254,2061,-1
254,518,-1
254,2062,-1
254,1795,-1
254,2063,-1
254,2064,-1
254,2065,-1
254,2066,-1
254,2067,-1
254,2068,-1
254,2069,-1
254,672,-1
254,2070,-1
254,1295,-1
254,2071,-1
254,1120,-1
254,2072,-1
254,2073,-1
254,529,-1
254,2074,-1
254,2075,-1
254,2076,-1
254,2077,-1
254,2078,-1
254,2079,-1
254,2080,-1
254,2081,-1
254,2082,-1
254,2083,-1
254,2084,-1
254,2085,-1
254,2086,-1
254,2087,-1
254,2088,-1
254,2089,-1
254,2090,-1
254,2091,-1
254,2092,-1
254,2093,-1
254,675,-1
254,1138,-1
254,852,-1
254,1177,-1
254,2094,-1
254,2095,-1
254,2096,-1
254,2097,-1
254,1284,-1
254,2098,-1
254,2099,-1
254,2100,-1
254,2101,-1
254,1322,-1
254,2102,-1
254,1250,-1
254,2103,-1
254,2104,-1
254,2105,-1
254,2106,-1
254,2107,-1
254,2108,-1
254,2109,-1
254,2110,-1
254,2111,-1
254,2112,-1
254,2113,-1
254,2114,-1
254,2115,-1
254,2116,-1
254,2117,-1
254,2118,-1
254,2119,-1
255,2120,0
255,2121,0
255,2122,0
255,2123,0
255,2124,0
255,2125,0
255,660,0
255,1114,0
255,2126,0
255,2127,0
255,2128,0
255,1140,0
255,2129,0
255,2130,0
255,2131,0
255,2132,0
255,2133,0
255,2134,0
255,2135,0
256,2136,0
256,2137,0
256,2138,0
256,2139,0
256,2140,0
256,690,0
256,2141,0
256,2142,0
256,2143,0
256,2144,0
256,2145,0
256,2146,0
256,2147,0
256,2148,0
256,2149,0
256,2150,0
256,2151,0
256,2152,0
256,2153,0
256,2154,0
256,2155,0
256,2156,0
256,2157,0
256,2158,0
256,2159,0
256,2160,0
256,2161,0
257,2162,6
257,2163,6
257,2164,6
257,2165,6
257,1820,6
257,2166,6
257,2167,6
257,573,6
257,620,6
257,2168,6
257,2169,6
257,2170,6
257,2171,6
257,2172,6
257,2173,6
257,1821,6
257,2174,6
257,2175,6
257,2176,6
257,2177,6
257,2178,6
257,2179,6
257,2180,6
257,1096,6
257,2181,6
257,2182,6
257,2183,6
257,2184,6
257,2185,6
257,2186,6
257,2187,6
257,1849,6
257,2188,6
257,652,6
257,2189,6
257,2190,6
257,2191,6
257,2192,6
257,1093,6
257,531,6
257,232,6
257,298,6
257,2193,6
257,2194,6
257,2195,6
257,2196,6
257,2197,6
257,2198,6
257,2199,6
257,1506,6
257,646,6
257,2200,6
257,2201,6
257,2202,6
257,2203,6
257,2204,6
257,2205,6
257,2206,6
258,2207,0
258,2208,0
258,2209,0
258,2210,0
258,2211,0
258,2212,0
258,1902,0
258,1803,0
258,1447,0
258,2213,0
258,2214,0
258,2215,0
258,2216,0
258,2217,0
258,1917,0
258,2218,0
258,2219,0
258,2220,0
258,2221,0
258,2222,0
259,2223,8
259,2224,8
259,2225,8
259,2226,8
259,2227,8
259,2228,8
259,2229,8
259,2230,8
259,2231,8
259,2232,8
259,2233,8
259,2234,8
259,2235,8
259,302,8
259,2236,8
259,2237,8
259,2238,8
259,2239,8
259,2240,8
259,2241,8
259,2242,8
259,2243,8
259,2244,8
259,2245,8
259,2246,8
259,2247,8
259,2248,8
259,1033,8
259,2249,8
259,2250,8
259,2251,8
259,2252,8
259,2253,8
259,2254,8
259,2255,8
259,2256,8
259,2257,8
259,2258,8
259,2259,8
259,2260,8
259,2261,8
259,2262,8
259,2263,8
259,2264,8
259,2265,8
259,2266,8
259,2267,8
259,2268,8
259,2269,8
259,529,8
259,2270,8
259,2271,8
259,816,8
259,2272,8
259,2273,8
259,2274,8
259,2275,8
259,2276,8
259,2277,8
259,2278,8
259,2279,8
259,2280,8
259,2281,8
259,2282,8
259,2283,8
259,2284,8
259,2285,8
259,2286,8
259,2287,8
259,2288,8
259,2289,8
259,2290,8
259,2291,8
259,2292,8
259,2293,8
259,2294,8
259,2295,8
259,2296,8
259,2297,8
259,2298,8
259,2299,8
259,2300,8
259,2301,8
259,2302,8
259,2303,8
259,2304,8
259,2305,8
259,2306,8
259,2307,8
259,2308,8
259,2309,8
259,232,8
259,2310,8
259,2311,8
259,2312,8
259,2313,8
259,2314,8
259,2315,8
259,2316,8
259,2317,8
259,2318,8
259,2319,8
259,2320,8
259,2321,8
259,2322,8
259,2323,8
259,2324,8
259,2325,8
259,2326,8
259,2327,8
259,2328,8
259,2329,8
259,2330,8
259,2331,8
259,2332,8
259,2333,8
259,2334,8
259,2335,8
259,2336,8
260,2337,0
260,2338,0
260,2339,0
260,2340,0
260,2341,0
260,2342,0
260,2343,0
260,2344,0
260,2345,0
260,1136,0
260,2346,0
260,2347,0
260,2348,0
260,2349,0
260,2350,0
260,2351,0
260,2352,0
260,2353,0
260,2354,0
260,2355,0
260,2356,0
260,2357,0
260,2358,0
260,2359,0
260,2360,0
260,2361,0
260,995,0
260,2362,0
260,2363,0
260,2364,0
260,2141,0
260,2365,0
260,2366,0
260,2367,0
260,2368,0
260,2369,0
260,2370,0
260,2371,0
260,2372,0
260,2373,0
260,2374,0
260,2375,0
260,2376,0
260,2377,0
260,2378,0
260,2379,0
260,2380,0
260,2381,0
260,2382,0
260,2383,0
260,2384,0
260,2385,0
260,2386,0
260,2387,0
260,2388,0
260,2389,0
260,2390,0
260,2391,0
260,2392,0
260,2393,0
260,2394,0
260,2395,0
260,2396,0
260,2397,0
260,2398,0
260,2399,0
260,2400,0
260,2401,0
260,2402,0
260,2403,0
260,2404,0
260,2405,0
260,2406,0
260,2407,0
260,2408,0
261,2409,0
261,672,0
261,2410,0
261,2411,0
261,2412,0
261,2413,0
261,2414,0
261,2415,0
261,2416,0
261,1049,0
261,2417,0
261,967,0
261,2418,0
261,2419,0
261,2420,0
261,2421,0
261,2422,0
261,2423,0
261,2424,0
261,2425,0
261,2426,0
261,2427,0
262,2428,6
262,2429,6
262,2430,6
262,2431,6
262,2432,6
262,2433,6
262,2434,6
262,2435,6
262,2436,6
262,2437,6
262,2438,6
262,2439,6
262,2440,6
262,2441,6
262,2442,6
262,1803,6
262,2443,6
262,2444,6
262,2445,6
262,2446,6
262,2447,6
262,2448,6
262,2449,6
262,2450,6
262,2451,6
262,2452,6
262,2194,6
262,2453,6
262,2454,6
262,2455,6
262,529,6
262,2456,6
262,2457,6
262,2458,6
262,2459,6
262,2460,6
262,2461,6
262,2462,6
262,2463,6
262,2464,6
262,2465,6
262,2466,6
262,2467,6
262,2468,6
262,2469,6
262,2470,6
262,1138,6
262,2471,6
262,2472,6
262,2473,6
262,2474,6
262,2475,6
262,2476,6
262,2477,6
262,2478,6
262,2479,6
262,2480,6
262,2481,6
262,2482,6
262,2483,6
262,2484,6
262,2485,6
262,2486,6
262,2487,6
262,2488,6
262,1250,6
262,859,6
262,2489,6
262,2490,6
262,2491,6
262,2492,6
262,2493,6
262,2494,6
262,2495,6
262,2496,6
262,2221,6
262,2497,6
262,2498,6
262,2499,6
262,2500,6
262,2501,6
262,2502,6
262,2503,6
262,2504,6
263,2505,2
263,2506,2
263,2507,2
263,2508,2
263,1078,2
263,2509,2
263,2510,2
263,2511,2
264,2512,0
264,2513,0
264,2514,0
264,2515,0
264,2516,0
264,2517,0
264,2518,0
264,2519,0
264,2520,0
264,2521,0
264,1689,0
264,2522,0
264,2523,0
264,2524,0
264,849,0
264,2525,0
264,2526,0
264,530,0
264,2527,0
264,743,0
264,2528,0
264,2529,0
264,2530,0
264,2531,0
264,2532,0
264,2533,0
264,2534,0
264,2535,0
264,2536,0
264,2537,0
264,2538,0
264,2539,0
264,2540,0
264,2541,0
264,2542,0
264,2543,0
265,1880,0
265,690,0
265,1905,0
265,2544,0
265,2409,0
265,2545,0
265,2546,0
265,2547,0
265,2548,0
265,237,0
265,250,0
266,2549,1
266,2550,1
266,2551,1
266,2552,1
266,2553,1
266,2554,1
266,2555,1
266,2556,1
266,2557,1
266,2558,1
266,2559,1
266,2560,1
266,2561,1
266,2562,1
266,2563,1
266,2564,1
266,2565,1
266,2566,1
266,2567,1
266,2568,1
266,2569,1
266,2570,1
266,2571,1
266,2572,1
266,2573,1
266,2574,1
266,2575,1
266,2576,1
266,2577,1
266,2578,1
266,2579,1
266,2580,1
266,2581,1
266,2582,1
266,2583,1
266,2584,1
266,2585,1
266,2586,1
266,2587,1
266,2588,1
266,2589,1
266,2590,1
266,2591,1
266,2592,1
266,2593,1
266,2594,1
266,2595,1
266,2596,1
266,2597,1
266,2598,1
266,2599,1
267,2600,1
267,2601,1
267,2602,1
267,2603,1
267,2604,1
267,2605,1
267,2606,1
267,2607,1
267,2608,1
267,2609,1
267,2610,1
267,2611,1
267,2612,1
267,2613,1
267,2614,1
267,2615,1
267,2616,1
267,2617,1
267,2618,1
267,2619,1
267,2620,1
267,2621,1
267,2622,1
267,2623,1
267,2624,1
267,2625,1
267,2626,1
267,2627,1
267,2628,1
267,2629,1
267,2630,1
267,2631,1
268,2632,0
268,2633,0
268,2634,0
268,2635,0
268,2636,0
268,2637,0
268,2638,0
268,2639,0
268,2139,0
268,2640,0
268,2641,0
268,2642,0
268,2643,0
268,2644,0
268,2645,0
268,2646,0
268,2647,0
268,2648,0
268,2649,0
268,472,0
268,2650,0
268,2651,0
268,2652,0
268,2653,0
268,2654,0
268,2655,0
268,2656,0
268,2657,0
268,2658,0
268,1922,0
268,1941,0
268,2659,0
268,2660,0
268,2661,0
268,2662,0
268,2663,0
268,2664,0
268,2665,0
268,2666,0
268,2667,0
268,2668,0
268,2669,0
268,580,0
268,1000,0
268,2670,0
268,1917,0
268,1457,0
268,2671,0
268,2672,0
268,2673,0
268,2674,0
268,2675,0
268,2676,0
268,2677,0
268,2678,0
268,2679,0
268,2680,0
268,2681,0
268,2682,0
268,2683,0
268,2684,0
268,2685,0
268,2686,0
268,2687,0
268,1700,0
268,2688,0
268,2689,0
268,2690,0
268,2691,0
268,2692,0
268,2693,0
268,2694,0
268,473,0
268,2695,0
268,2696,0
268,2697,0
268,2698,0
268,2699,0
268,2700,0
268,2701,0
268,2702,0
268,2703,0
268,2704,0
268,2705,0
268,2706,0
268,2707,0
268,2708,0
268,2709,0
268,2710,0
268,2711,0
268,2365,0
268,2712,0
268,2713,0
268,2714,0
268,2715,0
268,2716,0
268,2717,0
268,2718,0
268,2719,0
268,2720,0
268,2721,0
268,2722,0
268,2723,0
268,2724,0
268,2725,0
268,2726,0
268,2727,0
268,2728,0
268,2729,0
268,2730,0
268,2731,0
268,2732,0
268,2733,0
268,2734,0
268,2735,0
268,2736,0
268,2737,0
268,2738,0
268,2739,0
268,2740,0
268,2741,0
268,2742,0
268,2743,0
268,2744,0
268,2745,0
268,2746,0
268,2747,0
268,2748,0
268,2749,0
268,2750,0
268,2751,0
268,2752,0
268,2753,0
268,2754,0
268,1363,0
268,2755,0
268,2756,0
268,2757,0
268,2758,0
268,2759,0
268,2760,0
268,2761,0
268,2762,0
268,2763,0
268,2764,0
268,2765,0
268,2766,0
268,2767,0
268,2768,0
268,2769,0
268,2770,0
268,2771,0
268,2772,0
268,2773,0
268,1748,0
268,2774,0
268,2775,0
268,2776,0
268,2777,0
268,2778,0
268,2779,0
268,2780,0
268,2781,0
268,2782,0
268,2783,0
268,2784,0
268,1145,0
268,2785,0
268,2786,0
268,2787,0
268,2788,0
268,2789,0
268,2790,0
268,2791,0
268,2792,0
268,2793,0
268,2794,0
268,2795,0
268,2796,0
268,2797,0
268,2798,0
268,2799,0
268,1146,0
268,2800,0
268,2801,0
268,2802,0
268,2803,0
268,2804,0
268,2805,0
268,2806,0
268,2807,0
268,2808,0
268,2809,0
268,2810,0
268,2811,0
268,2812,0
268,2813,0
268,2814,0
268,2815,0
268,2816,0
268,2817,0
268,2818,0
268,2819,0
268,2820,0
268,2821,0
268,684,0
268,2822,0
268,2823,0
268,2824,0
268,2825,0
268,2826,0
268,2827,0
268,940,0
268,2828,0
268,2829,0
268,2830,0
268,2831,0
268,451,0
268,2832,0
268,2833,0
268,2834,0
268,2835,0
268,2836,0
268,2837,0
268,2838,0
268,2839,0
268,1096,0
268,660,0
268,2840,0
268,2841,0
268,2842,0
268,2843,0
268,2844,0
268,2845,0
268,2846,0
268,2847,0
268,2848,0
268,2849,0
268,2850,0
268,2851,0
268,2852,0
268,2853,0
268,2854,0
268,2855,0
268,2856,0
268,554,0
268,2857,0
268,2858,0
268,2859,0
268,2860,0
268,2861,0
268,2862,0
268,2863,0
268,2864,0
268,2865,0
268,2866,0
268,2867,0
268,2868,0
268,2869,0
268,1393,0
268,2870,0
268,2871,0
268,2872,0
268,2873,0
268,2874,0
268,2875,0
268,2876,0
268,2877,0
268,2878,0
268,2879,0
268,2880,0
268,2881,0
268,2882,0
268,2883,0
268,2884,0
268,2885,0
268,2886,0
268,1915,0
268,2887,0
268,2888,0
268,2889,0
268,2890,0
268,2891,0
268,2892,0
269,2893,0
269,2894,0
269,1096,0
269,2895,0
269,2896,0
269,2897,0
269,2898,0
269,2899,0
269,2900,0
269,2901,0
269,2902,0
269,2903,0
269,2904,0
269,2905,0
269,2906,0
269,672,0
269,2907,0
269,2908,0
269,2909,0
269,2910,0
269,2911,0
269,2912,0
269,2913,0
269,2914,0
269,2915,0
269,2916,0
269,2917,0
269,2918,0
269,1588,0
269,2919,0
269,2920,0
269,2921,0
269,2922,0
269,2923,0
269,2924,0
269,2925,0
269,2926,0
269,1152,0
269,2927,0
269,2928,0
269,2929,0
269,2930,0
269,2931,0
269,2932,0
269,2933,0
269,2934,0
269,2935,0
270,2936,6
270,2937,6
270,2938,6
270,2939,6
270,2940,6
270,433,6
270,2941,6
270,2942,6
270,2943,6
270,2944,6
270,2945,6
270,2946,6
270,2947,6
270,2948,6
270,2949,6
270,2950,6
270,2951,6
270,2952,6
270,2953,6
270,2954,6
270,2955,6
270,2956,6
270,2957,6
271,2958,0
271,2959,0
271,2960,0
271,1370,0
271,2961,0
271,2962,0
271,2963,0
271,2964,0
271,2965,0
271,2966,0
271,2878,0
271,2967,0
271,2968,0
271,2969,0
271,2970,0
271,2971,0
271,2972,0
271,2973,0
271,2974,0
271,2975,0
271,2976,0
271,2220,0
271,2977,0
271,2978,0
271,2979,0
271,2980,0
272,1116,0
272,2981,0
272,264,0
272,2982,0
272,2983,0
272,2931,0
273,2984,6
273,2985,6
273,2445,6
273,2986,6
273,2987,6
273,2988,6
273,2989,6
273,2990,6
273,2991,6
273,2992,6
273,2993,6
273,2994,6
273,1138,6
273,672,6
273,2995,6
273,1214,6
273,2460,6
273,2996,6
273,2997,6
273,2998,6
273,2999,6
273,3000,6
273,3001,6
273,3002,6
273,3003,6
273,3004,6
273,3005,6
273,3006,6
273,1783,6
273,3007,6
273,3008,6
273,3009,6
273,1171,6
273,3010,6
273,3011,6
273,3012,6
273,3013,6
273,841,6
273,1706,6
273,3014,6
273,2221,6
273,3015,6
273,3016,6
274,3017,0
274,3018,0
274,3019,0
274,3020,0
274,3021,0
274,3022,0
274,3023,0
274,3024,0
274,3025,0
274,3026,0
274,3027,0
274,3028,0
274,3029,0
274,3030,0
274,3031,0
274,3032,0
274,3033,0
274,3034,0
274,3035,0
274,3036,0
274,3037,0
274,849,0
274,3038,0
274,3039,0
274,3040,0
274,3041,0
274,3042,0
274,3043,0
274,3044,0
274,3045,0
274,3046,0
274,3047,0
274,3048,0
274,3049,0
274,3050,0
274,3051,0
274,3052,0
274,3053,0
274,3054,0
274,3055,0
274,861,0
274,973,0
274,3056,0
274,3057,0
274,3058,0
274,3059,0
274,3060,0
274,3061,0
274,3062,0
275,3063,-1
275,3064,-1
275,1748,-1
275,3065,-1
275,3066,-1
275,3067,-1
275,3068,-1
275,3069,-1
275,3070,-1
275,3071,-1
275,3072,-1
276,3073,1
276,3074,1
276,3075,1
276,3076,1
276,3077,1
276,574,1
276,3078,1
276,3079,1
276,3080,1
276,3081,1
276,3082,1
276,3083,1
276,3084,1
276,3085,1
276,3086,1
276,3087,1
276,3088,1
276,3089,1
276,3090,1
277,3091,1
277,3092,1
277,3093,1
277,3094,1
277,3095,1
277,3096,1
277,3097,1
277,3098,1
277,3099,1
277,3100,1
277,3101,1
277,3102,1
277,3103,1
277,434,1
277,3104,1
277,3105,1
277,3106,1
277,3107,1
277,3108,1
277,3109,1
277,3110,1
277,3111,1
277,3112,1
277,3113,1
277,3114,1
277,3115,1
277,3116,1
277,3117,1
277,3118,1
277,2149,1
277,3119,1
277,3120,1
277,3121,1
277,3122,1
277,3123,1
277,3124,1
277,3125,1
277,3126,1
277,3127,1
277,3128,1
277,3129,1
277,3130,1
277,3131,1
277,3132,1
277,3133,1
277,3134,1
277,3135,1
277,3136,1
277,429,1
277,3137,1
277,3138,1
277,3139,1
278,3140,4
278,3141,4
278,1424,4
278,3142,4
278,3143,4
278,3144,4
278,3145,4
278,3146,4
278,3147,4
278,3148,4
278,3149,4
278,3150,4
278,3151,4
278,3152,4
278,3153,4
278,3154,4
278,3155,4
278,578,4
278,580,4
278,3156,4
278,3157,4
278,3158,4
278,3159,4
278,3160,4
278,3161,4
278,3162,4
278,2069,4
278,3163,4
278,3164,4
278,3165,4
278,3166,4
278,3167,4
278,3168,4
278,3169,4
278,3170,4
278,3171,4
278,3172,4
278,3173,4
278,3174,4
278,3175,4
278,3176,4
278,3177,4
278,3178,4
278,3179,4
278,3180,4
278,3181,4
278,3182,4
278,3183,4
278,607,4
278,2508,4
278,3184,4
278,3185,4
278,3186,4
278,3187,4
278,3188,4
278,3189,4
278,3190,4
278,3191,4
278,3192,4
278,3193,4
278,3194,4
278,3195,4
278,3196,4
278,626,4
278,3197,4
278,3198,4
278,3199,4
278,3200,4
278,3201,4
279,3202,0
279,1941,0
279,3203,0
279,1251,0
279,3204,0
279,1518,0
279,3205,0
279,3206,0
279,3207,0
279,3208,0
279,3209,0
279,3210,0
279,3211,0
279,3212,0
279,3213,0
279,3214,0
279,3215,0
279,3216,0
279,3217,0
279,3218,0
279,3219,0
279,3220,0
279,3221,0
279,3222,0
279,3223,0
279,518,0
279,3224,0
279,3225,0
279,3226,0
279,3227,0
279,3228,0
279,660,0
279,3229,0
279,3230,0
279,1180,0
279,3231,0
279,3232,0
279,3233,0
279,3234,0
279,1960,0
279,847,0
279,3235,0
279,3236,0
279,3237,0
279,3238,0
279,3239,0
279,3240,0
279,3241,0
279,529,0
279,3242,0
279,3243,0
279,3244,0
279,3245,0
279,3246,0
279,3247,0
279,3248,0
279,3249,0
279,1929,0
279,3250,0
279,1133,0
279,3251,0
279,3252,0
279,3253,0
279,3254,0
279,3255,0
279,3256,0
279,3257,0
279,3258,0
279,3259,0
279,662,0
279,3260,0
279,3261,0
279,3262,0
279,3263,0
279,3264,0
279,3265,0
279,3266,0
279,3267,0
279,3268,0
279,3269,0
279,3270,0
279,3271,0
279,3272,0
279,3273,0
279,2740,0
279,3274,0
279,3275,0
279,3276,0
279,3277,0
279,3278,0
279,3279,0
279,3280,0
279,3281,0
279,3282,0
279,3283,0
279,232,0
279,3284,0
279,3285,0
279,3286,0
279,3287,0
279,3288,0
279,3289,0
279,3290,0
279,3291,0
279,3292,0
279,3293,0
279,863,0
279,3294,0
279,3295,0
279,3296,0
279,3297,0
279,3298,0
280,3299,0
280,3300,0
280,1088,0
280,3301,0
280,3302,0
280,3303,0
280,3304,0
280,3305,0
280,3306,0
280,1871,0
280,3307,0
280,3308,0
280,3309,0
280,696,0
280,1801,0
280,3310,0
280,3311,0
280,3312,0
280,529,0
280,3313,0
280,3314,0
280,3315,0
280,539,0
280,2183,0
280,3316,0
280,3317,0
280,1816,0
280,3318,0
280,3319,0
280,3320,0
280,3321,0
280,3322,0
280,3323,0
280,3324,0
281,3325,0
281,1589,0
281,1251,0
281,3326,0
281,3327,0
281,3328,0
281,3329,0
281,3330,0
281,3331,0
281,3332,0
281,800,0
281,3333,0
281,3334,0
281,660,0
281,3335,0
281,3336,0
281,672,0
281,3337,0
281,3338,0
281,529,0
281,3339,0
281,3340,0
281,3341,0
281,3342,0
281,1133,0
281,3343,0
281,2088,0
281,1138,0
281,852,0
281,1177,0
281,3344,0
281,539,0
281,3345,0
281,3346,0
281,3347,0
281,3348,0
281,3349,0
281,1846,0
281,3350,0
281,2931,0
281,1791,0
281,3351,0
281,3352,0
281,3353,0
282,3354,2
282,3355,2
282,3356,2
282,3357,2
282,3358,2
282,3359,2
282,3360,2
282,580,2
282,3361,2
282,446,2
282,3362,2
282,3363,2
282,3364,2
282,3365,2
282,3366,2
282,3367,2
282,3368,2
282,3369,2
282,1699,2
282,3370,2
282,3371,2
282,3372,2
282,3373,2
282,3374,2
282,3375,2
282,743,2
282,3376,2
282,3377,2
282,3378,2
282,2636,2
282,3379,2
282,859,2
282,3380,2
282,3381,2
282,3382,2
282,3383,2
282,3384,2
282,3385,2
282,3386,2
282,3387,2
283,3388,6
283,3389,6
283,3390,6
283,3391,6
283,3392,6
283,3393,6
283,2221,6
283,3394,6
283,3395,6
283,2019,6
283,3396,6
283,3397,6
283,3398,6
283,3399,6
283,3400,6
283,3401,6
283,3402,6
283,3403,6
284,3404,-1
284,3405,-1
284,3406,-1
284,3407,-1
284,3408,-1
284,3409,-1
284,3410,-1
284,1423,-1
284,3411,-1
284,3412,-1
284,3413,-1
284,3414,-1
284,3415,-1
284,3416,-1
284,3417,-1
284,3418,-1
284,3419,-1
284,3420,-1
284,3421,-1
284,3422,-1
284,3423,-1
284,1880,-1
284,2763,-1
284,3424,-1
284,530,-1
284,3425,-1
284,3426,-1
284,3427,-1
284,3428,-1
284,3429,-1
284,3430,-1
284,3431,-1
284,3432,-1
284,3433,-1
284,3434,-1
284,3435,-1
284,3436,-1
284,3437,-1
284,3438,-1
284,3439,-1
284,3440,-1
284,3441,-1
284,3442,-1
284,3443,-1
284,3444,-1
284,3445,-1
284,3446,-1
284,3447,-1
284,1164,-1
284,3448,-1
284,3449,-1
284,3450,-1
285,3451,0
285,3452,0
285,3453,0
285,3454,0
285,3455,0
285,3456,0
285,3457,0
285,3458,0
285,2046,0
285,3459,0
285,3460,0
285,3461,0
285,3462,0
285,3463,0
285,3464,0
285,845,0
285,3334,0
285,3465,0
285,3466,0
285,672,0
285,3467,0
285,3468,0
285,3469,0
285,3470,0
285,529,0
285,3471,0
285,3472,0
285,3473,0
285,3474,0
285,3475,0
285,683,0
285,1138,0
285,3476,0
285,1152,0
285,1894,0
285,3477,0
285,3478,0
285,3479,0
285,3322,0
285,3480,0
285,3481,0
285,3482,0
286,3483,3
286,3484,3
286,3014,3
286,3485,3
286,378,3
286,1526,3
286,3486,3
286,3487,3
286,3488,3
286,3489,3
286,3490,3
286,3491,3
286,3492,3
286,3493,3
286,3494,3
286,3495,3
286,3496,3
286,1168,3
286,3002,3
286,3497,3
286,3498,3
286,3499,3
286,3500,3
286,3501,3
286,3502,3
286,1533,3
286,3503,3
286,3504,3
286,3505,3
286,3506,3
286,3507,3
286,3508,3
286,1531,3
286,3509,3
286,3510,3
286,3511,3
286,3512,3
287,3513,-1
287,3514,-1
287,943,-1
287,690,-1
287,3515,-1
287,3516,-1
287,3517,-1
287,3518,-1
287,3519,-1
287,3520,-1
287,3521,-1
287,3522,-1
287,3523,-1
287,3524,-1
287,3525,-1
287,3526,-1
287,3527,-1
287,3528,-1
287,927,-1
287,3529,-1
287,3530,-1
287,3531,-1
287,3532,-1
287,1096,-1
287,3533,-1
287,3534,-1
287,3535,-1
287,595,-1
287,3536,-1
287,3537,-1
287,3538,-1
287,3539,-1
287,3540,-1
287,3541,-1
287,3542,-1
287,3543,-1
287,3544,-1
287,3545,-1
287,3546,-1
287,3547,-1
287,3548,-1
287,3549,-1
287,3550,-1
287,3551,-1
287,3552,-1
287,3553,-1
287,3554,-1
287,3555,-1
287,3556,-1
287,3557,-1
287,3558,-1
287,3559,-1
287,3560,-1
287,3561,-1
287,1968,-1
287,3562,-1
287,3563,-1
287,3564,-1
288,3565,0
288,3566,0
288,3567,0
288,3568,0
288,3569,0
288,3570,0
288,3571,0
288,3572,0
288,3573,0
288,3574,0
288,3575,0
288,3576,0
288,560,0
289,3577,0
289,3578,0
289,3579,0
289,3580,0
289,3581,0
289,3582,0
290,3583,1
290,3584,1
290,3585,1
290,3586,1
290,3587,1
290,3588,1
290,3589,1
290,3590,1
290,3591,1
290,3592,1
290,3593,1
290,3594,1
290,3595,1
290,3596,1
290,3597,1
290,3598,1
290,3599,1
290,3600,1
290,3601,1
290,3602,1
290,3603,1
290,3604,1
290,3605,1
290,3606,1
290,3607,1
290,3608,1
290,3609,1
290,3610,1
290,3611,1
290,3612,1
290,3613,1
290,3614,1
290,3615,1
290,3616,1
290,3617,1
290,3618,1
290,3619,1
290,3620,1
290,3621,1
290,3622,1
290,3623,1
290,3624,1
290,3625,1
290,3626,1
290,3627,1
290,3628,1
291,3629,4
291,3630,4
291,3631,4
291,3632,4
291,3633,4
291,3634,4
291,3635,4
291,3636,4
291,3637,4
291,3638,4
291,3639,4
291,3640,4
291,3641,4
291,3642,4
291,3643,4
291,3644,4
291,3645,4
291,3646,4
291,3647,4
291,3648,4
292,3649,-1
292,3650,-1
292,3651,-1
292,3652,-1
292,3653,-1
292,3654,-1
292,3655,-1
292,1694,-1
292,3656,-1
292,3657,-1
292,3658,-1
292,3659,-1
292,3660,-1
292,3661,-1
292,3662,-1
292,3663,-1
292,3664,-1
292,3665,-1
292,3666,-1
292,3667,-1
292,3668,-1
292,3669,-1
292,3670,-1
292,3671,-1
292,3672,-1
292,3673,-1
292,3674,-1
292,3675,-1
292,3676,-1
292,3677,-1
292,3678,-1
292,3679,-1
292,3680,-1
292,3681,-1
292,3682,-1
292,3683,-1
292,3684,-1
292,3685,-1
292,3686,-1
292,3687,-1
292,3688,-1
292,1184,-1
292,3689,-1
292,3690,-1
292,3691,-1
292,3692,-1
292,3693,-1
292,3694,-1
292,3695,-1
292,3696,-1
292,3697,-1
292,3698,-1
292,3699,-1
292,3700,-1
292,3701,-1
293,3702,-1
293,3703,-1
293,3704,-1
293,3705,-1
293,3706,-1
293,3707,-1
293,3708,-1
293,3709,-1
293,3710,-1
293,3711,-1
293,3712,-1
293,3713,-1
293,3714,-1
293,1000,-1
293,3715,-1
293,3716,-1
293,3717,-1
293,3718,-1
293,3719,-1
293,3720,-1
293,3721,-1
293,3722,-1
293,3723,-1
293,3724,-1
293,3725,-1
293,3726,-1
293,2566,-1
293,996,-1
293,3727,-1
293,3728,-1
293,3729,-1
293,3730,-1
293,3731,-1
293,747,-1
293,3732,-1
293,1810,-1
293,3733,-1
293,3734,-1
293,3735,-1
293,3736,-1
293,652,-1
293,3737,-1
293,3738,-1
293,3739,-1
293,708,-1
293,706,-1
293,3740,-1
293,3741,-1
293,3742,-1
294,3743,5
294,3744,5
294,3745,5
294,3746,5
294,3747,5
294,3748,5
294,3749,5
294,3750,5
294,3751,5
294,3752,5
294,3753,5
294,3754,5
294,3755,5
294,3756,5
294,3757,5
294,3758,5
294,3759,5
294,3760,5
294,3761,5
294,3762,5
294,3763,5
294,3764,5
294,3765,5
294,3766,5
294,3767,5
294,3768,5
294,3769,5
294,3770,5
294,3771,5
294,3772,5
294,3773,5
294,3774,5
294,3775,5
294,3776,5
294,620,5
294,3777,5
294,3778,5
294,3779,5
294,3780,5
294,3781,5
294,3782,5
294,3783,5
294,3784,5
294,3785,5
294,3786,5
294,3787,5
294,3788,5
294,3789,5
294,3790,5
294,3791,5
294,3792,5
294,3793,5
294,3794,5
294,3795,5
294,3796,5
294,3797,5
295,3798,4
295,3799,4
295,3800,4
295,3801,4
295,3802,4
295,3803,4
295,3804,4
295,3805,4
295,3806,4
295,3807,4
295,3808,4
295,3809,4
295,3810,4
295,3811,4
295,3812,4
295,3813,4
295,3814,4
295,3815,4
295,3816,4
295,3817,4
295,3818,4
295,3819,4
295,3820,4
295,3821,4
295,3822,4
295,3823,4
295,2069,4
295,3824,4
295,3825,4
295,3826,4
295,3827,4
295,3828,4
295,3829,4
295,3830,4
295,3831,4
295,3832,4
295,3833,4
295,3834,4
295,3835,4
295,3836,4
295,3837,4
295,3838,4
295,3839,4
295,2085,4
295,3840,4
295,3841,4
295,3842,4
295,3843,4
295,3844,4
295,3845,4
295,3846,4
295,3847,4
295,3848,4
295,3849,4
295,3850,4
295,3851,4
295,3852,4
295,3853,4
295,3854,4
295,3855,4
295,3856,4
295,3857,4
295,3858,4
295,3859,4
295,3860,4
295,3861,4
295,3862,4
295,3863,4
295,3864,4
295,3865,4
295,3866,4
295,3867,4
295,3868,4
295,3869,4
295,3870,4
295,3871,4
295,3872,4
295,3873,4
295,3874,4
295,3875,4
295,3876,4
295,3877,4
295,3878,4
295,3879,4
295,3880,4
295,3881,4
295,3882,4
295,3883,4
295,3884,4
295,3885,4
295,3886,4
295,3887,4
295,3888,4
295,3889,4
295,3890,4
295,3891,4
295,3892,4
295,3893,4
295,3894,4
295,3895,4
295,3896,4
295,3897,4
296,3898,0
296,3899,0
296,3900,0
296,3901,0
296,3902,0
296,3903,0
296,2201,0
296,3904,0
296,3905,0
296,3906,0
296,3907,0
296,3908,0
296,3909,0
296,3910,0
296,3911,0
296,3912,0
296,3913,0
296,3914,0
296,3915,0
296,3916,0
296,3917,0
296,3918,0
296,3919,0
296,3920,0
296,3921,0
296,3922,0
296,3923,0
296,3924,0
296,3925,0
296,3926,0
296,3927,0
296,3928,0
296,3929,0
296,3930,0
296,3931,0
296,3932,0
296,3933,0
296,3934,0
296,3935,0
296,3936,0
296,3937,0
296,3938,0
296,3939,0
296,3940,0
296,3941,0
296,3942,0
296,3943,0
296,2657,0
296,3944,0
296,3945,0
296,3946,0
296,3947,0
296,3948,0
296,3949,0
296,3950,0
296,3951,0
296,3952,0
296,553,0
296,3953,0
296,3954,0
296,3955,0
296,3956,0
296,3957,0
296,3958,0
296,3959,0
296,3960,0
296,3961,0
296,3962,0
296,3963,0
297,3964,0
297,3965,0
297,3966,0
297,3967,0
297,3968,0
297,2517,0
297,3969,0
297,3970,0
297,3971,0
297,3972,0
297,3973,0
297,1447,0
297,3974,0
297,3975,0
297,3976,0
297,3977,0
297,1917,0
297,1815,0
297,3978,0
297,3979,0
297,3980,0
297,3981,0
297,3982,0
297,3983,0
297,3984,0
297,1473,0
297,3985,0
297,1408,0
297,2972,0
297,3986,0
297,3987,0
297,3988,0
297,3053,0
297,3989,0
297,3990,0
297,3991,0
297,3992,0
297,1918,0
297,3993,0
297,3994,0
298,3995,6
298,3996,6
298,3997,6
298,3998,6
298,3485,6
298,2458,6
298,3999,6
298,1927,6
298,4000,6
298,4001,6
298,4002,6
298,4003,6
298,4004,6
298,4005,6
298,4006,6
298,4007,6
298,2365,6
298,433,6
298,1186,6
298,4008,6
298,1516,6
298,4009,6
298,4010,6
298,1216,6
298,4011,6
298,1175,6
298,4012,6
298,1565,6
298,4013,6
298,1519,6
298,4014,6
298,1268,6
298,1177,6
298,4015,6
298,4016,6
298,4017,6
298,4018,6
298,4019,6
298,3334,6
298,3001,6
298,1764,6
298,4020,6
299,4021,8
299,4022,8
299,4023,8
299,4024,8
299,4025,8
300,4026,3
300,4027,3
300,4028,3
300,4029,3
300,4030,3
300,4031,3
300,4032,3
300,4033,3
300,4034,3
300,4035,3
300,4036,3
300,4037,3
300,4038,3
300,4039,3
300,1737,3
300,4040,3
300,4041,3
300,4042,3
301,4043,8
301,4044,8
301,4045,8
301,4046,8
301,4047,8
301,4048,8
301,4049,8
301,4050,8
301,4051,8
301,4052,8
301,4053,8
301,752,8
301,2365,8
301,4054,8
301,620,8
301,573,8
301,4055,8
301,4056,8
301,4057,8
301,1428,8
301,4058,8
301,4059,8
301,4060,8
301,2173,8
301,3386,8
301,2181,8
301,617,8
301,4061,8
301,4062,8
301,938,8
301,4063,8
301,643,8
301,4064,8
301,4065,8
301,660,8
301,4066,8
301,4067,8
301,4068,8
301,4069,8
301,3526,8
301,4070,8
301,4071,8
301,4072,8
301,4073,8
301,4074,8
301,4075,8
301,4076,8
301,4077,8
301,4078,8
301,4079,8
301,4080,8
301,4081,8
301,651,8
301,4082,8
301,4083,8
301,4084,8
302,4085,-1
302,999,-1
302,4086,-1
302,4087,-1
302,4088,-1
302,4089,-1
302,4090,-1
302,2879,-1
302,4091,-1
302,4092,-1
302,4093,-1
302,4094,-1
302,4095,-1
302,4096,-1
302,4097,-1
302,660,-1
302,4098,-1
302,4099,-1
302,4100,-1
302,4044,-1
302,3032,-1
302,4101,-1
302,4102,-1
302,4103,-1
302,4104,-1
302,4105,-1
302,4106,-1
302,672,-1
302,4107,-1
302,4108,-1
302,4109,-1
302,4110,-1
302,4111,-1
302,529,-1
302,4112,-1
302,4113,-1
302,4114,-1
302,4115,-1
302,4116,-1
302,4117,-1
302,4118,-1
302,4119,-1
302,4120,-1
302,4121,-1
302,4122,-1
302,4123,-1
302,4124,-1
302,541,-1
302,733,-1
302,4125,-1
302,4126,-1
302,2220,-1
302,2872,-1
302,4127,-1
302,4128,-1
302,4129,-1
302,4130,-1
302,1749,-1
302,2328,-1
302,4131,-1
302,4132,-1
302,4133,-1
302,560,-1
302,4134,-1
302,4135,-1
303,4136,0
303,4137,0
303,4138,0
303,4139,0
303,4140,0
303,4141,0
303,1874,0
303,4142,0
303,407,0
304,4143,1
304,4144,1
304,4145,1
304,4146,1
304,4147,1
304,4148,1
304,4149,1
305,4150,1
305,4151,1
305,4152,1
305,4153,1
305,4154,1
305,4155,1
305,4156,1
305,4157,1
305,4158,1
305,4159,1
305,4160,1
305,4161,1
305,4162,1
305,4163,1
305,4164,1
305,4165,1
305,4166,1
305,4167,1
305,4168,1
305,4169,1
305,4170,1
305,4171,1
305,4172,1
305,943,1
305,4173,1
305,4174,1
305,4175,1
305,4176,1
305,4177,1
305,4178,1
305,4179,1
305,4180,1
305,4181,1
305,4182,1
305,4183,1
305,4184,1
305,4185,1
305,4186,1
305,4187,1
305,4188,1
305,4189,1
305,4190,1
305,4191,1
305,4192,1
305,4193,1
305,4194,1
305,4195,1
305,4196,1
305,4197,1
305,4198,1
305,4199,1
305,4200,1
305,4201,1
305,4202,1
305,4203,1
305,4204,1
305,4205,1
306,4206,5
306,4207,5
306,4208,5
306,4209,5
306,4210,5
306,4211,5
306,4212,5
306,1203,5
306,4213,5
306,4214,5
306,4215,5
306,4216,5
306,4217,5
306,4218,5
306,4219,5
306,4220,5
306,4221,5
306,4222,5
306,4223,5
306,4224,5
306,4225,5
306,4226,5
306,4227,5
306,4228,5
306,4229,5
306,4230,5
306,4231,5
306,4232,5
306,4233,5
306,4234,5
306,4235,5
306,4236,5
306,4237,5
306,4238,5
306,4239,5
306,4240,5
307,4241,0
307,3964,0
307,4242,0
307,4243,0
307,4244,0
307,4245,0
307,1902,0
307,4246,0
307,4247,0
307,1447,0
307,4248,0
307,2520,0
307,1917,0
307,4249,0
307,4250,0
307,4251,0
307,4252,0
307,4253,0
307,4254,0
307,4255,0
307,4256,0
307,4257,0
307,4258,0
307,4259,0
307,4260,0
307,4261,0
307,4262,0
307,1408,0
307,4263,0
307,4264,0
307,4265,0
307,4266,0
307,4267,0
307,4268,0
307,4269,0
307,1895,0
307,4270,0
307,4271,0
307,1779,0
307,4272,0
307,4273,0
307,3990,0
307,4274,0
307,554,0
307,4275,0
308,4276,-1
308,4277,-1
308,4278,-1
308,4279,-1
308,4280,-1
309,4281,0
309,4282,0
309,4283,0
309,4284,0
309,4285,0
309,4286,0
310,4287,0
310,4288,0
310,4289,0
310,2189,0
310,4290,0
310,4291,0
310,4292,0
310,4293,0
310,4294,0
310,4295,0
310,4296,0
310,4297,0
311,4298,0
311,4299,0
312,4300,0
312,4301,0
312,4302,0
312,473,0
312,4303,0
312,4304,0
312,4305,0
312,4306,0
312,4307,0
312,4308,0
312,4309,0
312,2871,0
312,4310,0
312,4311,0
312,4312,0
312,4313,0
312,4314,0
313,4315,2
313,1849,2
313,4316,2
313,4317,2
313,2832,2
313,4318,2
313,4319,2
313,529,2
313,4320,2
313,4321,2
313,1009,2
313,4322,2
313,4323,2
313,4324,2
313,4325,2
313,4326,2
313,4327,2
313,4328,2
313,4329,2
314,4330,2
314,1589,2
314,4331,2
314,4332,2
314,4333,2
314,4334,2
314,4335,2
314,4336,2
314,4337,2
314,4338,2
314,4339,2
314,4340,2
314,4341,2
314,4342,2
314,4343,2
314,4344,2
314,4345,2
314,4346,2
314,4347,2
314,454,2
314,4348,2
314,4349,2
314,4350,2
314,4351,2
314,4352,2
314,4353,2
314,4354,2
314,4355,2
314,4356,2
314,4357,2
314,4358,2
314,4359,2
314,3540,2
314,4360,2
314,4361,2
314,4362,2
314,4363,2
314,4364,2
314,4365,2
314,4366,2
314,4367,2
314,4368,2
315,4369,-1
315,4370,-1
315,4371,-1
315,4372,-1
315,4373,-1
315,4374,-1
315,4375,-1
315,4376,-1
315,4377,-1
315,4378,-1
315,4043,-1
315,4379,-1
315,4380,-1
315,4381,-1
315,4382,-1
315,4383,-1
315,4384,-1
315,4385,-1
315,3032,-1
315,294,-1
315,4386,-1
315,4387,-1
315,4388,-1
315,4389,-1
315,4110,-1
315,4390,-1
315,4391,-1
315,4392,-1
315,3839,-1
315,4393,-1
315,4394,-1
315,4395,-1
315,4396,-1
315,4397,-1
315,4398,-1
315,4399,-1
315,4082,-1
315,4400,-1
315,4401,-1
315,4402,-1
315,4403,-1
316,4404,1
316,4405,1
317,4406,0
317,4407,0
317,4122,0
317,317,0
318,4408,1
318,4409,1
318,4410,1
318,4411,1
318,4412,1
318,4413,1
318,4414,1
318,4415,1
318,4416,1
318,239,1
318,4417,1
318,4418,1
318,4419,1
318,1855,1
318,4420,1
318,598,1
318,643,1
318,4421,1
318,230,1
318,4422,1
318,4423,1
318,4424,1
318,4425,1
318,4426,1
318,4427,1
318,3617,1
318,4428,1
318,4429,1
318,4430,1
318,4431,1
318,2508,1
318,4432,1
318,4433,1
318,4434,1
318,4435,1
318,4436,1
318,4437,1
318,4438,1
318,4439,1
318,4440,1
318,4441,1
319,4442,0
319,4443,0
319,4444,0
319,4445,0
319,4446,0
319,4447,0
319,4448,0
319,4449,0
319,4450,0
319,4451,0
319,3664,0
319,4452,0
319,4453,0
319,230,0
319,4454,0
319,396,0
319,4455,0
319,852,0
319,4456,0
319,4457,0
319,4458,0
319,4459,0
319,4460,0
320,4461,-1
320,4462,-1
320,4463,-1
320,4464,-1
320,4465,-1
320,1089,-1
320,4466,-1
320,4467,-1
320,4468,-1
320,4469,-1
320,4470,-1
320,1092,-1
320,4471,-1
320,4472,-1
320,4088,-1
320,4473,-1
320,4474,-1
320,1251,-1
320,4475,-1
320,1099,-1
320,4476,-1
320,4477,-1
320,4478,-1
320,4479,-1
320,4480,-1
320,4481,-1
320,4482,-1
320,4483,-1
320,4484,-1
320,3306,-1
320,4485,-1
320,4486,-1
320,4487,-1
320,4488,-1
320,1000,-1
320,4489,-1
320,4490,-1
320,4491,-1
320,4492,-1
320,4493,-1
320,4494,-1
320,4495,-1
320,3332,-1
320,4496,-1
320,4497,-1
320,4498,-1
320,4499,-1
320,4500,-1
320,4501,-1
320,4502,-1
320,4503,-1
320,4504,-1
320,4505,-1
320,4506,-1
320,4507,-1
320,4508,-1
320,4509,-1
320,4510,-1
320,4511,-1
320,4512,-1
320,4513,-1
320,4514,-1
320,4515,-1
320,4516,-1
320,4517,-1
320,4518,-1
320,4519,-1
320,4520,-1
320,4521,-1
320,4522,-1
320,4523,-1
320,4524,-1
320,4525,-1
320,4526,-1
320,4527,-1
320,4528,-1
320,4529,-1
320,4530,-1
320,4531,-1
320,4532,-1
320,4533,-1
320,4534,-1
320,4535,-1
320,2365,-1
320,4536,-1
320,4537,-1
320,4114,-1
320,4538,-1
320,4539,-1
320,4540,-1
320,4541,-1
320,4542,-1
320,4543,-1
320,4544,-1
320,4545,-1
320,2088,-1
320,4546,-1
320,4547,-1
320,4548,-1
320,4549,-1
320,4550,-1
320,4551,-1
320,4552,-1
320,4553,-1
320,4554,-1
320,4555,-1
320,4556,-1
320,4557,-1
320,4558,-1
320,4559,-1
320,4560,-1
320,4561,-1
320,4562,-1
320,4563,-1
320,4564,-1
320,4565,-1
320,4566,-1
320,4397,-1
320,4567,-1
320,4568,-1
320,4569,-1
320,4570,-1
320,1147,-1
320,4571,-1
320,4572,-1
320,4573,-1
320,4574,-1
320,4575,-1
320,4576,-1
320,4577,-1
320,4578,-1
320,4579,-1
320,4580,-1
320,4581,-1
320,4582,-1
320,4583,-1
320,4082,-1
320,4584,-1
320,4585,-1
320,4586,-1
320,4587,-1
320,4588,-1
320,4286,-1
320,4083,-1
320,4589,-1
320,4590,-1
320,2328,-1
320,4591,-1
320,4592,-1
320,4593,-1
320,4594,-1
320,4595,-1
321,4596,0
321,4597,0
321,587,0
321,4598,0
321,4599,0
321,4600,0
321,4601,0
321,4602,0
321,4603,0
321,4604,0
321,4605,0
322,4606,2
322,4607,2
322,4608,2
322,4609,2
322,4610,2
323,620,0
323,4611,0
323,4612,0
323,4613,0
323,4614,0
323,4615,0
323,4616,0
323,1667,0
323,1105,0
323,4617,0
323,4618,0
323,2667,0
323,4619,0
323,1250,0
323,370,0
323,4620,0
323,4621,0
323,4622,0
323,4623,0
323,4624,0
323,4625,0
323,4626,0
323,4627,0
323,4628,0
323,4629,0
323,4630,0
323,4631,0
323,4632,0
323,4633,0
323,1640,0
323,4634,0
323,4635,0
323,4636,0
323,4637,0
323,273,0
323,354,0
323,4638,0
323,662,0
323,4639,0
323,4640,0
323,4641,0
323,4642,0
323,3028,0
323,849,0
323,1656,0
323,4643,0
323,4644,0
323,4645,0
323,4646,0
323,4647,0
323,4648,0
323,4649,0
323,4650,0
323,4651,0
323,2713,0
323,2714,0
323,665,0
323,4652,0
323,1141,0
323,4653,0
323,4654,0
323,4655,0
323,4656,0
323,4657,0
323,4658,0
323,4659,0
323,1810,0
323,2304,0
323,4660,0
323,4661,0
323,4662,0
323,4077,0
323,4663,0
323,4664,0
323,4665,0
323,4666,0
323,4667,0
323,4668,0
323,4669,0
323,4670,0
323,3462,0
323,4671,0
323,2167,0
323,4672,0
323,4673,0
323,4674,0
323,4675,0
323,4676,0
323,1962,0
323,4677,0
323,3545,0
323,4678,0
323,4679,0
323,4680,0
323,4681,0
323,4682,0
323,4683,0
324,4684,0
324,4685,0
324,4686,0
324,4687,0
324,4688,0
324,4689,0
324,4690,0
324,4691,0
324,4692,0
324,4693,0
324,4694,0
324,4695,0
324,4696,0
324,4697,0
324,4698,0
324,4699,0
324,4700,0
324,4701,0
324,4702,0
324,4703,0
324,4704,0
324,4705,0
324,4706,0
324,4271,0
324,4707,0
324,1748,0
324,4708,0
324,4709,0
324,4710,0
324,4711,0
324,4712,0
324,4713,0
325,4714,2
325,4715,2
325,4716,2
325,4717,2
325,4718,2
325,1096,2
325,4719,2
325,4720,2
325,4721,2
325,4722,2
325,4723,2
325,4724,2
325,684,2
325,690,2
325,4725,2
325,4726,2
325,4727,2
325,4728,2
325,4729,2
325,4730,2
325,4731,2
325,4732,2
325,4733,2
325,4734,2
325,4735,2
325,4736,2
325,4737,2
325,4738,2
325,4739,2
325,4740,2
325,4741,2
325,4742,2
325,4743,2
325,4744,2
325,2872,2
325,4745,2
325,4746,2
325,4747,2
325,863,2
325,4748,2
325,4749,2
325,2024,2
325,4750,2
326,4751,-1
326,4378,-1
326,4752,-1
326,4753,-1
326,4754,-1
326,1424,-1
326,4755,-1
326,4756,-1
326,4757,-1
326,4758,-1
326,4759,-1
326,4760,-1
326,4761,-1
326,4762,-1
326,4763,-1
326,4764,-1
326,4765,-1
326,4766,-1
326,4767,-1
326,1000,-1
326,4768,-1
326,1184,-1
326,4769,-1
326,1825,-1
326,4770,-1
326,800,-1
326,4771,-1
326,4772,-1
326,4773,-1
326,4774,-1
326,4775,-1
326,4776,-1
326,4777,-1
326,4778,-1
326,4779,-1
326,592,-1
326,1168,-1
326,4780,-1
326,4781,-1
326,4782,-1
326,4783,-1
326,4784,-1
326,4785,-1
326,2365,-1
326,4786,-1
326,4787,-1
326,4788,-1
326,4393,-1
326,4789,-1
326,4790,-1
326,4791,-1
326,4792,-1
326,2149,-1
326,3134,-1
326,989,-1
326,4793,-1
326,4794,-1
326,2575,-1
326,4795,-1
326,4796,-1
326,4797,-1
326,4798,-1
326,4799,-1
326,4800,-1
326,4801,-1
326,2183,-1
326,4802,-1
326,4803,-1
326,4804,-1
326,1429,-1
326,4805,-1
326,4806,-1
326,1175,-1
326,3487,-1
326,372,-1
326,4807,-1
326,1802,-1
326,4808,-1
326,4809,-1
326,4810,-1
326,2983,-1
326,4811,-1
326,2012,-1
326,4812,-1
326,4813,-1
326,4814,-1
326,4815,-1
326,4816,-1
326,4817,-1
326,4818,-1
326,4819,-1
326,4820,-1
326,4821,-1
327,4822,0
327,1749,0
327,4823,0
327,1748,0
327,4824,0
327,865,0
327,4825,0
327,4826,0
327,1916,0
327,4723,0
327,4827,0
327,4828,0
327,4829,0
327,1767,0
327,3972,0
327,1915,0
328,4830,2
328,4831,2
328,4832,2
328,4833,2
328,4834,2
328,4835,2
328,4836,2
328,4837,2
328,4838,2
328,4839,2
328,4840,2
328,4841,2
328,4218,2
328,4842,2
328,4843,2
328,4844,2
328,4845,2
328,4846,2
328,4847,2
328,4848,2
328,4849,2
328,4850,2
328,4851,2
328,4852,2
328,4853,2
328,4854,2
328,4855,2
328,4856,2
328,4857,2
328,4858,2
328,4859,2
328,4860,2
328,4861,2
328,4862,2
329,4863,0
329,4864,0
329,4865,0
329,4866,0
329,4867,0
329,4825,0
329,4868,0
329,4869,0
329,4870,0
329,4871,0
329,4872,0
329,4873,0
329,4874,0
329,4875,0
329,4876,0
329,4877,0
329,4878,0
329,4879,0
329,4880,0
329,4881,0
329,4882,0
329,4883,0
329,4884,0
329,4885,0
329,4886,0
329,4887,0
329,4888,0
329,4889,0
329,4827,0
329,4829,0
329,4648,0
329,4890,0
330,4891,0
330,4892,0
330,4893,0
330,4894,0
330,672,0
330,529,0
330,4895,0
330,333,0
330,4896,0
330,1138,0
330,1891,0
330,4897,0
330,4898,0
330,1152,0
330,372,0
330,4899,0
330,4900,0
330,4901,0
330,4902,0
330,4903,0
330,4904,0
330,4905,0
330,4906,0
331,4907,6
331,4908,6
331,4909,6
331,4910,6
331,3659,6
331,4911,6
331,3498,6
331,4302,6
331,4912,6
331,1200,6
331,4913,6
331,1192,6
331,4006,6
331,1167,6
331,4914,6
331,4897,6
331,518,6
331,3214,6
331,2667,6
331,4915,6
331,4916,6
331,4917,6
331,4918,6
331,4919,6
331,4920,6
331,529,6
331,672,6
331,541,6
331,1171,6
331,4921,6
331,1175,6
331,4922,6
331,4923,6
331,4924,6
331,4018,6
331,4925,6
331,4926,6
331,4927,6
331,4928,6
331,4005,6
331,4929,6
331,4002,6
331,1179,6
331,979,6
331,4930,6
331,1926,6
331,4931,6
331,1186,6
331,4932,6
331,3001,6
331,4933,6
331,1185,6
331,4934,6
331,4935,6
331,4936,6
331,4937,6
331,4938,6
331,4939,6
331,4940,6
331,4941,6
331,4942,6
331,1272,6
331,4943,6
331,1197,6
331,4944,6
331,3678,6
331,4945,6
331,1189,6
331,4946,6
331,4947,6
331,4948,6
332,4949,0
332,4950,0
332,4951,0
332,4952,0
332,4953,0
332,4954,0
332,4955,0
332,4956,0
332,4957,0
332,4958,0
332,4959,0
332,4960,0
332,4961,0
332,4962,0
332,4963,0
332,4964,0
332,4965,0
332,4966,0
332,4967,0
332,4968,0
332,4969,0
332,4970,0
332,4971,0
332,1846,0
332,4972,0
332,4973,0
332,4974,0
332,4975,0
332,4976,0
332,4977,0
333,4978,0
333,3713,0
333,2742,0
333,4979,0
333,4980,0
333,4981,0
333,4982,0
333,4983,0
333,4984,0
333,734,0
333,4985,0
333,4986,0
333,4987,0
333,4988,0
333,4897,0
333,372,0
333,4989,0
333,4990,0
333,4991,0
333,4992,0
333,4993,0
333,4994,0
333,4995,0
333,4905,0
334,4996,0
334,4997,0
334,4998,0
334,2517,0
334,451,0
334,4999,0
334,5000,0
334,1447,0
334,5001,0
334,5002,0
334,5003,0
334,530,0
334,5004,0
334,5005,0
334,1472,0
334,5006,0
334,554,0
335,5007,2
335,5008,2
335,5009,2
335,5010,2
335,5011,2
335,5012,2
335,5013,2
335,5014,2
335,5015,2
336,5016,0
336,5017,0
336,5018,0
337,5019,7
337,5020,7
337,1096,7
337,3708,7
337,5021,7
337,5022,7
337,5023,7
337,5024,7
337,5025,7
337,5026,7
337,5027,7
337,5028,7
337,5029,7
337,5030,7
337,5031,7
337,4724,7
337,5032,7
337,5033,7
337,5034,7
337,5035,7
337,5036,7
337,5037,7
337,5038,7
337,5039,7
337,5040,7
337,5041,7
337,5042,7
337,5043,7
337,5044,7
337,5045,7
337,5046,7
337,5047,7
337,5048,7
337,5049,7
337,5050,7
337,2712,7
337,5051,7
337,5052,7
337,2685,7
337,5053,7
337,5054,7
337,5055,7
337,5056,7
337,3197,7
337,5057,7
337,5058,7
338,5059,-1
338,5060,-1
338,5061,-1
338,5062,-1
338,2069,-1
338,5063,-1
338,5064,-1
338,5065,-1
339,5066,-1
339,5067,-1
339,5068,-1
339,5069,-1
339,5070,-1
339,5071,-1
339,5072,-1
339,5073,-1
339,434,-1
339,5074,-1
339,1195,-1
339,5075,-1
339,5076,-1
339,5077,-1
339,5078,-1
339,5079,-1
339,5080,-1
339,5081,-1
339,5082,-1
339,5083,-1
339,5084,-1
339,5085,-1
339,5086,-1
339,5087,-1
339,5088,-1
339,5089,-1
339,5090,-1
339,5091,-1
339,5092,-1
339,5093,-1
339,5094,-1
339,5095,-1
339,5096,-1
339,5097,-1
339,5098,-1
339,5099,-1
339,5100,-1
339,5101,-1
339,5102,-1
339,5103,-1
339,3954,-1
339,5104,-1
339,4398,-1
339,229,-1
339,5105,-1
339,5106,-1
339,5107,-1
339,5108,-1
339,5109,-1
339,246,-1
339,5110,-1
339,2427,-1
339,518,-1
339,5111,-1
339,2245,-1
339,5112,-1
339,5113,-1
339,2201,-1
339,5114,-1
339,3269,-1
339,5115,-1
339,5116,-1
339,5117,-1
339,5118,-1
339,5119,-1
339,5120,-1
339,3666,-1
339,5121,-1
339,5122,-1
339,5123,-1
339,5124,-1
339,4774,-1
340,5125,0
340,5126,0
340,5127,0
340,529,0
340,5128,0
340,5129,0
340,5130,0
340,2568,0
340,5131,0
340,1105,0
340,5132,0
340,5133,0
340,5134,0
340,5135,0
340,5136,0
340,3352,0
340,5137,0
341,5138,0
341,5139,0
341,5140,0
341,5141,0
341,5142,0
341,5143,0
341,5144,0
341,5145,0
341,5146,0
341,5147,0
341,943,0
341,5148,0
341,5149,0
341,5150,0
341,1976,0
341,5151,0
341,2712,0
341,5152,0
341,5153,0
341,5154,0
341,5155,0
341,5156,0
341,5157,0
341,5158,0
341,5159,0
341,5160,0
341,5161,0
341,5162,0
342,5163,0
342,5164,0
342,5165,0
342,5166,0
342,5167,0
342,5168,0
342,5169,0
342,5170,0
342,5171,0
342,5172,0
342,5173,0
342,5174,0
342,5175,0
342,1803,0
342,5176,0
342,5177,0
342,1311,0
342,1299,0
342,1298,0
342,5178,0
342,5179,0
342,5180,0
342,5181,0
342,5182,0
342,5183,0
342,5184,0
342,5185,0
342,5186,0
342,5187,0
342,5188,0
342,5189,0
342,5190,0
342,5191,0
342,5192,0
342,5193,0
342,5194,0
342,5195,0
342,1300,0
342,5196,0
342,5197,0
342,5198,0
342,5199,0
342,5200,0
342,5201,0
342,5202,0
342,5203,0
342,5204,0
342,5205,0
342,5206,0
342,5207,0
342,5208,0
342,5209,0
342,5210,0
342,5211,0
342,5212,0
342,2931,0
342,5213,0
342,1791,0
342,5214,0
342,5215,0
342,5216,0
342,5217,0
342,5218,0
343,5219,-1
343,1096,-1
343,5220,-1
343,5221,-1
343,5222,-1
343,5223,-1
343,5224,-1
343,2173,-1
343,5225,-1
343,3711,-1
343,5226,-1
343,4288,-1
343,5227,-1
343,5228,-1
343,5229,-1
343,5230,-1
343,5231,-1
343,5232,-1
343,5233,-1
343,5234,-1
343,5235,-1
343,5236,-1
343,5237,-1
343,5238,-1
343,5239,-1
343,5240,-1
343,5241,-1
343,5242,-1
343,5243,-1
343,560,-1
343,5244,-1
343,5245,-1
343,5246,-1
343,5247,-1
343,3378,-1
343,5248,-1
343,5249,-1
343,5250,-1
343,5251,-1
343,5252,-1
343,5253,-1
343,5254,-1
343,935,-1
343,5255,-1
344,5256,0
344,690,0
344,5257,0
344,5258,0
344,5259,0
344,5260,0
345,5261,-1
345,5262,-1
345,5263,-1
345,2328,-1
345,5264,-1
345,5265,-1
345,5266,-1
345,5267,-1
345,5268,-1
345,5269,-1
345,427,-1
345,5270,-1
345,5271,-1
345,5272,-1
345,5273,-1
345,5274,-1
345,2149,-1
345,3194,-1
345,5275,-1
345,1516,-1
345,1515,-1
345,5276,-1
345,5277,-1
345,5278,-1
345,5279,-1
345,429,-1
345,5280,-1
346,5281,4
346,5282,4
346,5283,4
346,5284,4
346,5285,4
346,5286,4
346,5287,4
346,5288,4
346,5289,4
346,5290,4
346,5291,4
346,5292,4
346,5293,4
346,5294,4
346,571,4
346,5295,4
346,5296,4
346,5297,4
346,5298,4
346,5299,4
346,5300,4
346,5301,4
346,5302,4
346,5303,4
346,5304,4
346,5305,4
346,5306,4
346,800,4
346,5307,4
346,5308,4
346,5309,4
346,5310,4
346,5311,4
346,5312,4
346,5313,4
346,5314,4
346,5315,4
346,5316,4
346,5317,4
346,5318,4
346,5319,4
346,5320,4
346,5321,4
346,278,4
346,5322,4
346,5323,4
346,5324,4
346,5325,4
346,5326,4
346,5327,4
346,5328,4
346,5329,4
346,5330,4
346,5331,4
346,5332,4
346,5333,4
346,5334,4
346,5335,4
346,5336,4
346,4558,4
346,5337,4
346,5338,4
346,5339,4
346,5340,4
346,5341,4
346,5342,4
346,5343,4
346,5344,4
346,5345,4
346,5346,4
346,5347,4
346,5348,4
346,5349,4
346,5350,4
346,5351,4
346,2106,4
346,5352,4
346,5353,4
346,5354,4
346,5355,4
346,5356,4
346,5357,4
346,5358,4
346,5359,4
346,5360,4
346,5361,4
346,5362,4
346,874,4
346,5363,4
346,5364,4
346,5365,4
346,5366,4
347,5367,1
347,5368,1
347,4147,1
347,5369,1
347,427,1
347,5370,1
347,5371,1
347,3105,1
347,5372,1
347,239,1
347,4055,1
347,5373,1
347,5374,1
347,5375,1
347,5376,1
347,5377,1
347,5378,1
347,5379,1
347,3627,1
347,5380,1
347,5381,1
347,3597,1
347,5382,1
347,5383,1
347,3512,1
347,5384,1
347,5385,1
347,5386,1
347,5387,1
347,5388,1
347,429,1
347,5389,1
347,5390,1
347,5391,1
347,5392,1
347,5393,1
347,5394,1
347,5395,1
347,5396,1
347,3428,1
347,2614,1
347,5397,1
347,2611,1
347,5398,1
347,5399,1
347,5400,1
347,5401,1
347,5402,1
347,5403,1
347,5404,1
347,5405,1
347,5406,1
347,5407,1
347,5408,1
347,5317,1
347,5318,1
347,5409,1
348,5410,0
348,5411,0
348,5412,0
348,5413,0
349,5414,8
349,5415,8
349,5416,8
349,796,8
349,5417,8
349,5418,8
349,5419,8
349,5420,8
349,1280,8
349,5421,8
349,5422,8
349,5423,8
349,5424,8
349,5425,8
349,5426,8
349,5427,8
349,5428,8
349,3518,8
349,643,8
349,5429,8
349,816,8
349,5430,8
349,5431,8
349,5432,8
349,5433,8
349,2365,8
349,5434,8
349,225,8
349,5435,8
349,5436,8
349,5437,8
349,5438,8
349,5439,8
349,5440,8
349,5441,8
349,5442,8
349,5443,8
349,5444,8
349,5445,8
349,5446,8
349,5447,8
349,5448,8
349,5449,8
349,5450,8
349,5451,8
349,755,8
349,5452,8
350,5453,-1
350,5454,-1
350,5455,-1
350,5456,-1
350,5457,-1
350,5458,-1
350,5459,-1
350,617,-1
350,5460,-1
350,5461,-1
351,4639,0
351,2231,0
351,1080,0
351,1656,0
351,5462,0
351,2517,0
351,5463,0
351,5464,0
351,1447,0
351,1903,0
351,5465,0
351,5466,0
351,3028,0
351,3031,0
351,5467,0
351,5468,0
351,2520,0
351,5469,0
351,5470,0
351,5471,0
351,4885,0
351,5472,0
351,1689,0
351,5473,0
351,849,0
351,5474,0
351,5475,0
351,1916,0
351,5476,0
351,743,0
351,5477,0
351,5478,0
351,5479,0
351,5480,0
351,5481,0
351,1779,0
351,5482,0
351,980,0
351,5483,0
351,5484,0
351,2159,0
351,5485,0
351,5486,0
352,1778,0
352,5487,0
352,1501,0
352,701,0
352,5488,0
352,5489,0
352,5490,0
352,5491,0
352,5492,0
352,5493,0
352,5494,0
352,5495,0
352,5496,0
352,684,0
352,5497,0
352,553,0
352,5498,0
352,5499,0
352,1000,0
352,5500,0
353,595,1
353,5501,1
353,5502,1
353,5503,1
353,5504,1
353,5505,1
353,5506,1
353,1528,1
354,5507,6
354,5508,6
354,5509,6
354,5510,6
354,5511,6
354,5512,6
354,3485,6
354,273,6
354,5513,6
354,5514,6
354,1173,6
354,2997,6
354,5515,6
354,5516,6
354,5517,6
354,5518,6
354,5519,6
354,5520,6
354,5521,6
354,5522,6
354,5523,6
354,5524,6
354,5525,6
354,5526,6
354,5527,6
354,1724,6
354,5528,6
354,5529,6
354,5530,6
354,5531,6
354,5532,6
354,5533,6
354,5534,6
354,5535,6
354,5536,6
354,3687,6
354,5537,6
354,5538,6
354,5539,6
354,5540,6
354,5541,6
354,5542,6
354,5543,6
354,5544,6
354,5545,6
354,5546,6
354,5547,6
354,5548,6
354,5549,6
354,5550,6
354,5551,6
354,5552,6
354,5553,6
354,5554,6
354,5555,6
354,5556,6
354,5557,6
354,5558,6
354,5559,6
354,5560,6
354,5561,6
354,5562,6
354,5563,6
354,5564,6
354,5565,6
354,5566,6
354,5567,6
354,5568,6
354,5569,6
354,5570,6
354,5571,6
354,5572,6
354,5573,6
354,5574,6
354,5575,6
354,5576,6
354,5577,6
354,5578,6
354,5579,6
354,5580,6
354,5581,6
354,5582,6
354,5583,6
354,5584,6
354,5585,6
354,5586,6
354,5587,6
354,5588,6
354,4804,6
354,5589,6
354,5590,6
354,5591,6
354,5592,6
354,5593,6
354,5594,6
354,5595,6
354,5596,6
354,5597,6
354,5598,6
354,5599,6
354,3212,6
354,5600,6
354,5601,6
355,5602,5
355,5603,5
355,5604,5
355,5605,5
355,5606,5
355,5607,5
355,5608,5
355,5609,5
355,5610,5
355,5611,5
355,5612,5
355,5613,5
355,5614,5
355,5615,5
355,5616,5
355,5617,5
355,5618,5
355,5619,5
355,5620,5
355,5621,5
355,5622,5
355,5623,5
355,5624,5
355,5625,5
355,5626,5
355,5627,5
355,5628,5
355,5629,5
355,5630,5
355,5631,5
355,5632,5
355,5633,5
355,5634,5
355,5635,5
355,5636,5
355,5637,5
355,5638,5
355,5639,5
355,5640,5
355,5641,5
355,5642,5
355,5643,5
355,5644,5
355,5645,5
355,5646,5
355,5647,5
355,5648,5
355,5649,5
355,5650,5
355,5651,5
355,5652,5
355,5653,5
355,5654,5
355,5655,5
355,5656,5
355,5657,5
355,5658,5
355,5659,5
355,5660,5
355,5661,5
355,5662,5
355,5663,5
355,5664,5
355,5665,5
355,5666,5
355,5667,5
355,5668,5
355,5669,5
355,5670,5
355,2120,5
355,5671,5
355,5672,5
355,5673,5
355,5674,5
355,5675,5
355,5676,5
355,5677,5
355,5678,5
355,5679,5
355,5680,5
355,5681,5
355,5682,5
355,5683,5
355,5684,5
355,5685,5
355,5686,5
355,5687,5
355,5688,5
355,5689,5
355,5690,5
355,5691,5
355,5692,5
355,5693,5
355,5694,5
355,5695,5
355,5696,5
355,5697,5
355,5698,5
355,5699,5
355,5700,5
355,5701,5
355,5702,5
355,5703,5
355,5704,5
355,5705,5
355,5706,5
355,5707,5
355,5708,5
355,5709,5
355,5710,5
355,5711,5
355,5712,5
355,5713,5
355,5714,5
355,5715,5
355,5716,5
355,5717,5
356,5718,4
356,571,4
356,5719,4
356,5720,4
356,5721,4
356,5722,4
356,5723,4
356,5724,4
356,5725,4
356,5726,4
356,5727,4
356,5728,4
356,5729,4
356,5730,4
356,5731,4
356,5325,4
356,5732,4
356,5733,4
356,5734,4
356,5735,4
356,5736,4
356,5737,4
356,5738,4
356,2311,4
356,5739,4
356,5740,4
356,5741,4
356,3892,4
356,5742,4
356,5743,4
356,5744,4
356,5745,4
357,4636,2
357,5746,2
357,5747,2
357,5748,2
357,5749,2
357,5750,2
357,5751,2
357,5752,2
357,2742,2
357,5753,2
357,4979,2
357,5754,2
357,5755,2
357,5756,2
357,5757,2
357,5758,2
357,5759,2
357,4983,2
357,3361,2
357,5760,2
357,5761,2
357,5762,2
357,5763,2
357,5764,2
357,5765,2
357,5766,2
357,5767,2
357,5768,2
357,5769,2
357,5770,2
357,5771,2
357,5772,2
357,5773,2
357,5774,2
357,5775,2
357,5776,2
357,5777,2
357,5778,2
357,5779,2
357,5780,2
357,5781,2
357,5782,2
357,5783,2
357,5784,2
357,5785,2
357,5786,2
357,5787,2
357,5788,2
357,5789,2
357,5790,2
357,5110,2
358,5791,0
358,5792,0
358,5793,0
358,1518,0
358,1564,0
358,5794,0
358,5795,0
358,5796,0
358,5797,0
358,3459,0
358,5798,0
358,5799,0
358,5800,0
358,1902,0
358,5801,0
358,5802,0
358,5803,0
358,5804,0
358,5805,0
358,5806,0
358,5807,0
358,5808,0
358,4381,0
358,5809,0
358,5810,0
358,5811,0
358,5812,0
358,4645,0
358,5813,0
358,5814,0
358,5815,0
358,5816,0
358,5817,0
358,5727,0
358,1459,0
358,2069,0
358,5818,0
358,5819,0
358,5820,0
358,5821,0
358,5822,0
358,5823,0
358,5824,0
358,5825,0
358,5826,0
358,5827,0
358,5828,0
358,5829,0
358,5830,0
358,5831,0
358,5832,0
358,5833,0
358,5834,0
358,5835,0
358,5836,0
358,5837,0
358,5838,0
358,4789,0
358,5839,0
358,5840,0
358,5841,0
358,5842,0
358,5843,0
358,5844,0
358,4702,0
358,5845,0
358,5846,0
358,5847,0
358,5848,0
358,5849,0
358,5850,0
358,4648,0
358,5851,0
358,5852,0
358,5853,0
358,5854,0
358,4280,0
358,3870,0
358,5855,0
358,5856,0
358,5857,0
358,5858,0
358,5859,0
358,5860,0
358,5861,0
358,5862,0
358,5863,0
358,5864,0
358,5865,0
358,5866,0
358,5867,0
359,2884,3
359,5868,3
359,5869,3
359,5870,3
359,5519,3
359,5871,3
359,5872,3
359,5873,3
359,5874,3
359,5875,3
359,5876,3
359,5877,3
359,5878,3
359,5879,3
359,5880,3
359,5881,3
359,4019,3
359,5882,3
359,5883,3
359,1272,3
359,4802,3
359,5884,3
359,1724,3
359,5885,3
359,1167,3
359,5528,3
359,5886,3
359,1516,3
359,3194,3
359,5887,3
359,5888,3
359,5889,3
359,5890,3
359,5891,3
359,5892,3
359,1295,3
359,1171,3
359,5893,3
359,5894,3
359,2044,3
359,5895,3
359,5896,3
360,5897,7
360,5898,7
360,5899,7
360,5900,7
360,5901,7
360,5902,7
360,5903,7
360,5904,7
360,5905,7
360,5906,7
360,5907,7
360,5908,7
360,5909,7
360,5910,7
360,5911,7
360,5912,7
360,5913,7
360,5914,7
360,5915,7
360,5916,7
360,5917,7
360,5918,7
360,5919,7
360,5920,7
360,5921,7
360,5922,7
361,5923,4
361,5924,4
361,5925,4
361,5926,4
361,4058,4
361,5927,4
361,5928,4
361,5929,4
361,5930,4
361,5931,4
361,5932,4
361,5933,4
361,5934,4
361,5935,4
361,5936,4
361,5937,4
361,5938,4
361,5939,4
361,5940,4
361,5941,4
361,5942,4
361,5943,4
361,5944,4
361,5945,4
361,5946,4
361,5947,4
362,5948,-1
362,2167,-1
362,1951,-1
362,5949,-1
362,5950,-1
362,5951,-1
362,5952,-1
362,5953,-1
362,5954,-1
362,5955,-1
362,5956,-1
362,5957,-1
362,5958,-1
362,5959,-1
362,5960,-1
362,5961,-1
362,5962,-1
362,5963,-1
362,5964,-1
362,4672,-1
362,5965,-1
362,5966,-1
362,5967,-1
362,5968,-1
362,5969,-1
362,5970,-1
362,5971,-1
362,5972,-1
362,5973,-1
362,5974,-1
362,5975,-1
362,5976,-1
362,5977,-1
362,5978,-1
362,5979,-1
362,5980,-1
362,5981,-1
362,5982,-1
362,5983,-1
362,5984,-1
362,5985,-1
362,5986,-1
362,5987,-1
362,5988,-1
362,5989,-1
362,5990,-1
362,5991,-1
362,5992,-1
362,5993,-1
362,5994,-1
362,5995,-1
362,5996,-1
362,5997,-1
362,5998,-1
362,5999,-1
362,6000,-1
363,2221,6
363,6001,6
363,6002,6
363,4802,6
363,2443,6
363,6003,6
363,6004,6
363,6005,6
363,298,6
363,6006,6
363,6007,6
363,6008,6
363,6009,6
363,6010,6
363,2856,6
363,6011,6
363,6012,6
363,6013,6
363,6014,6
363,2931,6
363,6015,6
364,2984,3
364,6016,3
364,6017,3
364,6018,3
364,6019,3
364,6020,3
364,6021,3
364,6022,3
364,6023,3
364,6024,3
364,6025,3
365,6026,8
365,6027,8
365,6028,8
365,6029,8
365,6030,8
365,6031,8
365,6032,8
365,6033,8
365,6034,8
365,3973,8
365,4249,8
365,6035,8
365,3971,8
365,6036,8
365,6037,8
365,6038,8
365,2737,8
365,6039,8
365,6040,8
365,1917,8
365,6041,8
365,1767,8
365,3921,8
365,6042,8
365,6043,8
365,6044,8
365,6045,8
365,6046,8
365,1408,8
365,6047,8
365,6048,8
365,6049,8
365,6050,8
365,6051,8
365,3947,8
365,6052,8
365,6053,8
365,6054,8
365,6055,8
365,6056,8
366,6057,-1
366,6058,-1
366,6059,-1
366,6060,-1
366,6061,-1
367,571,4
367,6062,4
367,6063,4
367,6064,4
367,5934,4
367,416,4
367,6065,4
367,6066,4
367,6067,4
368,6068,1
368,6069,1
368,239,1
368,6070,1
368,6071,1
368,580,1
368,4414,1
368,6072,1
368,5378,1
368,6073,1
368,6074,1
368,6075,1
368,6076,1
368,6077,1
368,6078,1
368,6079,1
368,6080,1
368,6081,1
368,6082,1
368,6083,1
368,4796,1
368,6084,1
368,6085,1
368,6086,1
368,611,1
368,6087,1
368,6088,1
368,6089,1
369,1096,1
370,6090,0
370,6091,0
370,1079,0
370,6092,0
370,1080,0
370,1394,0
370,6093,0
370,6094,0
370,6095,0
370,1518,0
370,6096,0
370,4643,0
370,6097,0
370,3459,0
370,659,0
370,6098,0
370,6099,0
370,3972,0
370,6100,0
370,4100,0
370,6101,0
370,6102,0
370,5813,0
370,3008,0
370,6103,0
370,6104,0
370,1689,0
370,6105,0
370,6106,0
370,6107,0
370,1407,0
370,4269,0
370,6108,0
370,5840,0
370,6109,0
370,6110,0
370,6111,0
370,6112,0
370,662,0
370,1171,0
370,1890,0
370,6113,0
370,6114,0
370,6115,0
370,2997,0
370,6116,0
370,6117,0
370,6118,0
370,4663,0
370,6119,0
370,6120,0
370,6121,0
370,6122,0
370,6123,0
370,4274,0
370,6124,0
370,6125,0
370,6126,0
370,6127,0
370,6128,0
370,6129,0
370,6130,0
370,6131,0
370,6132,0
370,6133,0
371,6134,3
371,6135,3
371,6136,3
371,6137,3
372,6138,0
372,6139,0
372,6140,0
372,6141,0
372,6142,0
372,6143,0
372,6144,0
372,6145,0
372,6146,0
372,6147,0
372,845,0
372,6148,0
372,6149,0
372,6150,0
372,6151,0
372,6152,0
372,4986,0
372,6153,0
372,6154,0
372,6155,0
372,6156,0
372,6157,0
372,6158,0
372,6159,0
372,6160,0
372,6161,0
372,6162,0
372,699,0
372,6163,0
372,6164,0
372,6165,0
372,6166,0
372,6167,0
372,6168,0
372,6169,0
372,6170,0
372,6171,0
372,6172,0
372,6173,0
372,6174,0
372,6175,0
372,6176,0
372,6177,0
372,6178,0
372,6179,0
372,6180,0
373,6181,-1
373,6182,-1
373,6183,-1
373,6184,-1
373,6185,-1
373,6186,-1
373,6187,-1
373,6188,-1
373,6189,-1
373,6190,-1
373,6191,-1
373,6192,-1
373,6193,-1
373,6194,-1
373,6195,-1
373,6196,-1
373,6197,-1
373,6198,-1
373,6199,-1
373,6200,-1
373,6201,-1
373,6202,-1
373,6203,-1
373,6204,-1
373,6205,-1
373,6206,-1
373,6207,-1
373,6208,-1
373,6209,-1
373,6210,-1
373,6211,-1
373,6212,-1
373,6213,-1
373,6214,-1
373,6215,-1
373,6216,-1
373,6217,-1
373,6218,-1
373,6219,-1
373,6220,-1
373,6221,-1
373,6222,-1
373,6223,-1
373,6224,-1
373,6225,-1
373,6226,-1
373,6227,-1
373,6228,-1
373,6229,-1
373,6230,-1
373,6231,-1
373,6232,-1
373,6233,-1
373,6234,-1
373,6235,-1
373,6236,-1
373,6237,-1
373,6238,-1
373,6239,-1
373,6240,-1
373,6241,-1
373,6242,-1
373,6243,-1
373,6244,-1
373,6245,-1
373,6246,-1
373,6247,-1
373,6248,-1
373,6249,-1
373,6250,-1
373,6251,-1
373,6252,-1
373,6253,-1
373,6254,-1
373,6255,-1
373,6256,-1
373,6257,-1
373,6258,-1
373,6259,-1
373,6260,-1
373,6261,-1
373,6262,-1
373,6263,-1
373,6264,-1
373,6265,-1
373,6266,-1
373,6267,-1
373,6268,-1
373,6269,-1
373,6270,-1
373,6271,-1
373,6272,-1
373,6273,-1
373,6274,-1
373,6275,-1
374,6276,-1
374,1366,-1
374,1367,-1
374,6277,-1
374,1368,-1
374,6278,-1
374,5466,-1
374,660,-1
374,1377,-1
374,6279,-1
374,1133,-1
374,1380,-1
374,1382,-1
374,699,-1
374,6280,-1
374,1390,-1
374,6281,-1
375,6282,0
375,2153,0
375,3028,0
375,2590,0
375,6111,0
376,6283,-1
376,6284,-1
376,6285,-1
376,6286,-1
376,6287,-1
376,6288,-1
376,6289,-1
376,4043,-1
376,6290,-1
376,6291,-1
376,6292,-1
376,4062,-1
376,6293,-1
376,6294,-1
376,583,-1
376,6295,-1
376,6296,-1
376,6297,-1
376,6298,-1
376,6299,-1
376,3571,-1
376,6300,-1
376,6301,-1
376,6302,-1
376,6303,-1
376,5885,-1
376,5388,-1
376,6304,-1
376,6305,-1
376,6306,-1
376,6307,-1
376,1322,-1
376,6308,-1
376,6309,-1
376,2309,-1
376,6310,-1
376,6311,-1
376,6312,-1
376,6313,-1
376,6314,-1
376,6315,-1
376,6316,-1
376,6317,-1
376,6318,-1
376,6319,-1
376,953,-1
376,6320,-1
376,6321,-1
376,6322,-1
376,6323,-1
376,6324,-1
376,6325,-1
376,6326,-1
376,6327,-1
376,6328,-1
376,6329,-1
377,6330,0
377,6331,0
377,6332,0
377,6333,0
377,5257,0
377,6334,0
377,6335,0
377,6336,0
378,684,6
378,863,6
378,6005,6
378,683,6
378,666,6
378,6337,6
378,1530,6
378,1526,6
378,6338,6
378,6339,6
378,264,6
378,6340,6
378,6341,6
378,6342,6
378,529,6
378,1145,6
378,6343,6
378,6344,6
378,6345,6
378,6346,6
378,6347,6
378,6348,6
378,6349,6
378,6350,6
378,6351,6
378,6352,6
378,6353,6
378,6354,6
378,6355,6
378,6356,6
378,6357,6
378,6358,6
378,3507,6
378,6359,6
378,6360,6
378,6361,6
378,6362,6
378,5118,6
378,6363,6
378,6364,6
378,6365,6
378,6366,6
378,6367,6
378,6368,6
378,6369,6
378,6370,6
378,1136,6
378,1272,6
378,3483,6
378,2996,6
379,6371,1
379,6372,1
379,6373,1
379,6374,1
379,239,1
379,1096,1
379,6375,1
379,6376,1
379,6377,1
379,6378,1
379,6379,1
379,6380,1
379,6381,1
379,6382,1
379,6383,1
379,6384,1
379,595,1
379,6385,1
379,6386,1
379,6387,1
379,6388,1
379,2508,1
379,1720,1
379,6389,1
379,6390,1
379,6391,1
379,6392,1
379,6393,1
379,6394,1
379,3686,1
380,6395,1
380,6396,1
380,6397,1
380,4408,1
380,6398,1
380,6399,1
380,6400,1
380,6401,1
380,6402,1
380,6403,1
380,6404,1
380,6405,1
380,6406,1
380,6407,1
380,6408,1
380,6409,1
380,5372,1
381,6410,7
381,1096,7
381,1865,7
381,1866,7
381,6411,7
381,6412,7
381,6413,7
381,6414,7
381,2181,7
381,6415,7
381,598,7
381,6416,7
381,6417,7
381,6418,7
381,617,7
381,6419,7
381,6420,7
381,6421,7
381,6422,7
381,1651,7
381,6423,7
381,6424,7
381,6425,7
381,6426,7
381,6427,7
381,6428,7
381,6429,7
381,6430,7
381,6431,7
381,6432,7
381,6433,7
381,6434,7
381,6435,7
381,6436,7
381,6437,7
381,6438,7
381,6439,7
381,6440,7
381,6441,7
381,6442,7
381,6443,7
381,6444,7
381,6445,7
381,6446,7
381,6447,7
381,6448,7
381,404,7
381,6449,7
381,6450,7
381,6451,7
381,6452,7
381,6453,7
381,6454,7
381,6455,7
381,6456,7
381,6457,7
381,6458,7
381,6459,7
381,6460,7
381,6461,7
381,6462,7
381,6463,7
381,6464,7
381,6465,7
382,6466,1
382,6467,1
382,6468,1
382,2571,1
382,6469,1
382,6470,1
382,6471,1
382,6472,1
382,6473,1
382,6474,1
382,6475,1
382,6476,1
383,6477,-1
383,1803,-1
383,6478,-1
383,6479,-1
383,6480,-1
383,6481,-1
383,6482,-1
384,6483,-1
384,6484,-1
384,6485,-1
384,6486,-1
384,6487,-1
384,6488,-1
384,6489,-1
384,6490,-1
384,6491,-1
384,6492,-1
384,6493,-1
384,6494,-1
384,6495,-1
384,6496,-1
384,6497,-1
384,6498,-1
384,6499,-1
384,6500,-1
384,6501,-1
384,6502,-1
384,6503,-1
384,6504,-1
384,6505,-1
384,6506,-1
384,6507,-1
384,6508,-1
385,6509,-1
385,6510,-1
385,6511,-1
385,6512,-1
385,6513,-1
385,6514,-1
385,6515,-1
385,6516,-1
385,6517,-1
385,6518,-1
385,6519,-1
385,6520,-1
385,6521,-1
385,6522,-1
385,6523,-1
385,6524,-1
385,6525,-1
385,6526,-1
385,6527,-1
385,6528,-1
385,6529,-1
385,6530,-1
385,6531,-1
385,6532,-1
385,6533,-1
385,6534,-1
385,6535,-1
385,6536,-1
385,6537,-1
385,6538,-1
385,1149,-1
385,6539,-1
385,1761,-1
385,6540,-1
385,6541,-1
385,6542,-1
385,6543,-1
385,841,-1
385,3028,-1
385,927,-1
385,1904,-1
385,6544,-1
385,1846,-1
385,3327,-1
385,6545,-1
385,6546,-1
385,6547,-1
385,6548,-1
385,6549,-1
385,4263,-1
386,6550,-1
386,6551,-1
386,6552,-1
386,6553,-1
386,2137,-1
386,1516,-1
386,6554,-1
386,6555,-1
386,6556,-1
386,1096,-1
386,6557,-1
386,3707,-1
386,1804,-1
386,6558,-1
386,6559,-1
386,425,-1
386,6560,-1
386,6561,-1
386,6562,-1
386,4062,-1
386,6563,-1
386,6564,-1
386,6565,-1
386,6566,-1
386,580,-1
386,935,-1
386,6567,-1
386,6568,-1
386,1795,-1
386,660,-1
386,6569,-1
386,6570,-1
386,6072,-1
386,6571,-1
386,6572,-1
386,643,-1
386,6573,-1
386,1579,-1
386,2194,-1
386,6574,-1
386,6575,-1
386,6576,-1
386,1693,-1
386,6577,-1
386,4065,-1
386,3370,-1
386,529,-1
386,6578,-1
386,595,-1
386,6579,-1
386,6580,-1
386,6581,-1
386,6582,-1
386,6583,-1
386,6584,-1
386,2365,-1
386,326,-1
386,6401,-1
386,1138,-1
386,6585,-1
386,1072,-1
386,6586,-1
386,1506,-1
386,6587,-1
386,2508,-1
386,6588,-1
386,6589,-1
386,2479,-1
386,6590,-1
386,6591,-1
386,6592,-1
386,6593,-1
386,6594,-1
386,6595,-1
386,617,-1
386,6596,-1
386,6597,-1
386,6598,-1
386,4398,-1
386,6599,-1
386,4064,-1
386,6600,-1
386,6601,-1
386,708,-1
386,6602,-1
386,6603,-1
386,6604,-1
386,6421,-1
386,6605,-1
386,6478,-1
386,6606,-1
386,6607,-1
386,6608,-1
386,6609,-1
386,6610,-1
386,6611,-1
386,6612,-1
386,2024,-1
386,6613,-1
386,6614,-1
386,6615,-1
387,6616,2
387,6617,2
387,6618,2
387,6619,2
387,6620,2
387,6621,2
387,5120,2
387,6622,2
387,6623,2
387,6624,2
387,6625,2
387,6626,2
387,6627,2
387,6628,2
387,6629,2
387,6630,2
387,6631,2
387,6632,2
387,6633,2
387,3361,2
387,935,2
387,6634,2
387,6635,2
387,6636,2
387,6637,2
387,6638,2
387,6639,2
387,6640,2
387,6641,2
387,6642,2
387,6643,2
387,6644,2
387,6645,2
387,6646,2
387,5765,2
387,6647,2
387,6648,2
387,6649,2
387,6650,2
387,6651,2
387,6652,2
387,6653,2
387,6654,2
387,6655,2
387,6656,2
387,6657,2
387,6658,2
387,6659,2
387,6660,2
387,2680,2
387,6661,2
387,6662,2
387,6663,2
387,6664,2
387,6665,2
387,6666,2
387,6667,2
387,6668,2
387,6669,2
387,6670,2
387,6671,2
387,6672,2
387,6673,2
387,6674,2
387,6675,2
387,6676,2
387,6677,2
387,6678,2
387,2427,2
387,6679,2
387,6680,2
387,6681,2
387,6682,2
387,6683,2
387,6684,2
387,6685,2
387,6686,2
387,6687,2
387,6688,2
387,6689,2
387,6690,2
387,6691,2
388,6692,-1
388,6693,-1
388,6694,-1
388,6695,-1
388,6696,-1
388,6697,-1
388,6698,-1
388,6699,-1
388,6700,-1
388,6701,-1
388,6702,-1
388,6703,-1
388,6704,-1
388,6705,-1
388,6706,-1
388,6707,-1
388,6708,-1
388,6709,-1
388,6710,-1
389,1168,3
389,6711,3
389,1686,3
389,6712,3
389,5869,3
389,6713,3
389,6714,3
389,1214,3
389,1213,3
389,3700,3
389,6715,3
389,6716,3
389,6717,3
389,2445,3
389,4910,3
389,6718,3
389,6719,3
389,6720,3
389,3507,3
389,3699,3
389,6721,3
389,1519,3
389,6722,3
389,1565,3
389,6723,3
389,6724,3
389,5711,3
389,6725,3
389,2475,3
389,6726,3
389,6727,3
389,298,3
389,6728,3
389,4921,3
389,6729,3
389,6730,3
389,1185,3
389,5519,3
389,6731,3
389,6732,3
389,1184,3
389,3401,3
389,594,3
389,6733,3
389,6734,3
389,6735,3
389,6736,3
389,6737,3
389,4802,3
389,3693,3
389,2988,3
389,6738,3
389,6739,3
390,6740,3
390,6741,3
390,6742,3
390,6743,3
390,6744,3
390,6745,3
390,6746,3
390,6747,3
390,6748,3
390,6749,3
391,6750,0
391,2069,0
391,6751,0
391,6752,0
391,3678,0
391,6753,0
391,6754,0
391,6755,0
391,6756,0
391,6757,0
391,6758,0
391,6759,0
391,6760,0
391,6761,0
391,6762,0
391,6763,0
391,6764,0
391,6765,0
391,6766,0
391,6767,0
391,6768,0
391,6769,0
391,1748,0
391,540,0
391,6770,0
391,6771,0
391,6772,0
391,6773,0
391,6774,0
391,6775,0
391,6776,0
391,6777,0
391,6778,0
391,6779,0
391,6780,0
391,6781,0
391,2769,0
391,6782,0
391,529,0
391,6783,0
391,6784,0
391,6785,0
391,6786,0
391,6787,0
391,6788,0
391,6789,0
391,6790,0
391,6791,0
391,6792,0
391,6793,0
391,6794,0
391,6795,0
391,6796,0
391,6797,0
391,1086,0
391,2656,0
391,6798,0
391,6799,0
391,6800,0
391,6801,0
391,6802,0
391,6803,0
391,6804,0
391,6805,0
391,6806,0
391,6807,0
391,6808,0
391,6809,0
391,6810,0
391,6811,0
391,6812,0
391,6813,0
391,6814,0
391,6815,0
392,6816,7
392,6817,7
392,6818,7
392,6819,7
392,6820,7
393,6821,1
393,6822,1
393,6823,1
393,6824,1
393,6825,1
393,6826,1
393,6827,1
393,6828,1
393,6829,1
393,6830,1
393,6831,1
393,6832,1
393,6833,1
393,6834,1
393,6835,1
393,6836,1
393,6837,1
393,6838,1
393,1853,1
393,6839,1
393,3091,1
393,6840,1
393,6841,1
393,2605,1
393,595,1
393,6581,1
393,6842,1
393,6843,1
393,2574,1
393,6844,1
393,6845,1
393,6846,1
393,6847,1
393,6848,1
393,6849,1
393,6850,1
393,6851,1
393,3519,1
393,6852,1
393,6853,1
393,6854,1
393,6855,1
393,6856,1
393,6857,1
393,6858,1
393,6859,1
393,6860,1
393,6861,1
393,6862,1
393,6863,1
393,6864,1
393,6865,1
393,6866,1
393,6867,1
393,6868,1
393,6869,1
393,6870,1
393,2034,1
393,6871,1
394,6872,4
394,6873,4
394,6874,4
394,6875,4
394,6876,4
394,6877,4
394,6878,4
394,6879,4
394,6880,4
394,6881,4
394,6882,4
394,6883,4
395,6884,-1
395,6885,-1
395,6886,-1
395,6887,-1
395,6888,-1
395,6889,-1
395,6890,-1
395,6891,-1
395,6892,-1
395,6893,-1
395,405,-1
395,6894,-1
395,6895,-1
395,6896,-1
395,6897,-1
395,6898,-1
395,6899,-1
395,6900,-1
395,6901,-1
395,6902,-1
395,6903,-1
395,6904,-1
395,6905,-1
395,6906,-1
395,6907,-1
395,6908,-1
395,6909,-1
395,3186,-1
395,6910,-1
395,6911,-1
395,6912,-1
395,6913,-1
395,6914,-1
395,6915,-1
395,6916,-1
396,6917,0
396,6918,0
396,2439,0
396,6919,0
396,6920,0
396,6921,0
396,6922,0
396,6923,0
396,6924,0
396,6925,0
396,6926,0
396,6927,0
396,6928,0
396,672,0
396,6929,0
396,6930,0
396,6931,0
396,529,0
396,6932,0
396,6933,0
396,6934,0
396,6935,0
396,6936,0
396,6937,0
396,1887,0
396,6938,0
396,6939,0
396,6940,0
396,1152,0
396,6941,0
396,6942,0
396,1894,0
396,6943,0
396,6944,0
396,6945,0
396,6946,0
396,6947,0
396,3322,0
396,6948,0
396,6949,0
397,6950,0
397,6951,0
397,6952,0
397,2774,0
397,2817,0
397,6953,0
397,6954,0
397,6955,0
397,6956,0
397,6957,0
397,6958,0
397,6959,0
397,6960,0
397,6961,0
397,6962,0
397,6963,0
397,6964,0
397,6965,0
397,2763,0
397,2816,0
397,3426,0
397,6966,0
397,4875,0
397,6967,0
397,6968,0
397,1472,0
397,6969,0
397,6970,0
397,6971,0
397,6972,0
397,6973,0
397,6974,0
397,6975,0
397,4648,0
397,3278,0
397,6976,0
397,6977,0
397,6978,0
397,6979,0
397,6980,0
397,6981,0
397,1748,0
398,6982,2
398,6983,2
398,6984,2
398,6985,2
398,6986,2
398,6987,2
398,6988,2
398,6989,2
399,6990,2
399,6991,2
399,6992,2
400,4672,3
400,6993,3
400,6994,3
400,6995,3
400,6996,3
400,6997,3
400,6998,3
400,6999,3
400,7000,3
400,7001,3
400,7002,3
400,7003,3
400,7004,3
400,7005,3
400,7006,3
400,3527,3
401,7007,-1
401,1252,-1
401,7008,-1
401,2002,-1
401,3338,-1
401,7009,-1
401,7010,-1
401,1922,-1
401,847,-1
401,7011,-1
401,2083,-1
401,1776,-1
401,1410,-1
401,1941,-1
401,1251,-1
401,1960,-1
401,7012,-1
401,7013,-1
401,7014,-1
401,841,-1
401,7015,-1
401,7016,-1
401,529,-1
402,7017,2
402,7018,2
402,7019,2
402,7020,2
402,7021,2
402,7022,2
402,7023,2
402,7024,2
402,7025,2
402,7026,2
402,7027,2
402,5772,2
402,7028,2
402,7029,2
402,7030,2
403,7031,0
403,1589,0
403,7032,0
403,7033,0
403,7034,0
403,841,0
403,1849,0
403,1192,0
403,1214,0
403,7035,0
403,3305,0
403,7036,0
403,7037,0
403,7038,0
403,7039,0
403,7040,0
403,7041,0
403,7042,0
403,940,0
403,3334,0
403,1113,0
403,672,0
403,7043,0
403,7044,0
403,529,0
403,7045,0
403,7046,0
403,1615,0
403,7047,0
403,7048,0
403,7049,0
403,7050,0
403,1138,0
403,852,0
403,1891,0
403,1148,0
403,7051,0
403,7052,0
403,541,0
403,7053,0
403,7054,0
403,7055,0
403,7056,0
403,7057,0
403,7058,0
403,4993,0
404,2713,7
404,7059,7
404,7060,7
404,7061,7
404,7062,7
404,7063,7
404,7064,7
404,7065,7
404,7066,7
404,7067,7
404,7068,7
404,7069,7
404,7070,7
404,7071,7
404,7072,7
404,7073,7
404,2141,7
404,7074,7
404,1880,7
404,7075,7
404,7076,7
404,7077,7
404,7078,7
404,7079,7
404,7080,7
404,7081,7
404,7082,7
404,7083,7
404,7084,7
404,7085,7
404,7086,7
404,7087,7
404,7088,7
404,7089,7
404,7090,7
404,7091,7
404,7092,7
404,7093,7
404,7094,7
404,7095,7
404,7096,7
404,7097,7
404,7098,7
404,7099,7
404,4648,7
404,7100,7
404,7101,7
404,7102,7
404,7103,7
404,7104,7
404,7105,7
404,7106,7
404,7107,7
404,7108,7
404,7109,7
404,7110,7
404,7111,7
404,7112,7
404,7113,7
404,7114,7
404,7115,7
404,7116,7
404,7117,7
404,7118,7
404,2183,7
404,7119,7
404,7120,7
404,7121,7
404,7122,7
404,7123,7
404,7124,7
404,7125,7
404,7126,7
404,7127,7
404,7128,7
405,6889,0
405,6912,0
405,7129,0
405,7130,0
405,7131,0
405,7132,0
405,7133,0
405,7134,0
405,7135,0
405,7136,0
405,3436,0
405,7137,0
405,7138,0
405,7139,0
405,7140,0
405,7141,0
405,7142,0
405,7143,0
405,2221,0
405,7144,0
405,5869,0
405,7145,0
405,7146,0
405,7147,0
405,7148,0
405,7149,0
405,7150,0
405,7151,0
405,7152,0
405,7153,0
405,7154,0
405,7155,0
405,7156,0
405,2354,0
406,7157,-1
406,7158,-1
406,7159,-1
406,7160,-1
406,7161,-1
406,7162,-1
406,7163,-1
406,7164,-1
406,7165,-1
406,7166,-1
406,7167,-1
406,7168,-1
406,7169,-1
406,7170,-1
406,7171,-1
406,7172,-1
406,7173,-1
406,7174,-1
406,7175,-1
406,7176,-1
406,7177,-1
406,7178,-1
406,7179,-1
406,7180,-1
406,7181,-1
407,7182,0
407,7183,0
407,845,0
407,7184,0
407,5137,0
407,7185,0
407,1105,0
407,7186,0
407,7187,0
407,2845,0
407,6117,0
407,5131,0
407,7188,0
407,4588,0
407,7189,0
407,7190,0
407,340,0
407,529,0
407,7191,0
408,7192,3
408,7193,3
408,7194,3
408,7195,3
408,7196,3
408,7197,3
408,7198,3
408,7199,3
408,7200,3
408,7201,3
408,7202,3
408,7203,3
408,7204,3
408,7205,3
408,7206,3
408,7207,3
408,7208,3
408,7209,3
409,2200,0
409,7210,0
410,7211,1
410,7212,1
410,7213,1
410,7214,1
410,7215,1
410,7216,1
410,7217,1
410,7218,1
410,7219,1
411,411,0
411,7220,0
411,7191,0
411,7221,0
411,3475,0
411,7222,0
411,7223,0
412,7224,0
412,7225,0
412,7226,0
412,7227,0
412,7228,0
412,3430,0
412,7229,0
412,839,0
412,7230,0
412,7231,0
412,7232,0
412,7233,0
412,7234,0
412,7235,0
413,7236,-1
413,7237,-1
413,7238,-1
413,7239,-1
413,7240,-1
413,7241,-1
413,7242,-1
413,7243,-1
413,7244,-1
413,7245,-1
413,7246,-1
413,7247,-1
413,927,-1
413,7248,-1
413,7249,-1
413,7250,-1
413,7251,-1
413,7252,-1
413,1344,-1
413,7253,-1
413,7254,-1
413,7255,-1
413,7256,-1
413,5031,-1
413,7257,-1
413,660,-1
413,7258,-1
413,7259,-1
413,7260,-1
413,7261,-1
413,7262,-1
413,7263,-1
413,7264,-1
413,7265,-1
413,7266,-1
413,5035,-1
413,7267,-1
413,7268,-1
413,7269,-1
413,7270,-1
413,7271,-1
413,7272,-1
413,7273,-1
413,7274,-1
413,7275,-1
413,7276,-1
413,2463,-1
413,7277,-1
413,7278,-1
413,7279,-1
413,7280,-1
413,7281,-1
413,7282,-1
413,7283,-1
413,7284,-1
413,1136,-1
413,7285,-1
413,7286,-1
413,852,-1
413,7287,-1
413,7288,-1
413,7289,-1
413,7290,-1
413,7291,-1
413,695,-1
413,7292,-1
413,7293,-1
413,7294,-1
413,7295,-1
413,7296,-1
413,7297,-1
413,7298,-1
413,7299,-1
413,7300,-1
413,7301,-1
413,7302,-1
413,7303,-1
413,7304,-1
413,7305,-1
413,7306,-1
413,6319,-1
413,7307,-1
413,7308,-1
413,7309,-1
413,7310,-1
413,7311,-1
413,7312,-1
413,7313,-1
414,7314,1
414,7315,1
414,7316,1
414,7317,1
414,7318,1
414,7319,1
414,7320,1
414,7321,1
414,7322,1
414,7323,1
414,7324,1
414,7325,1
414,7326,1
414,7327,1
414,7328,1
414,7329,1
414,7330,1
414,7331,1
414,7332,1
414,7333,1
415,7334,-1
415,7335,-1
415,7336,-1
415,7337,-1
415,7338,-1
415,7339,-1
415,7340,-1
415,7341,-1
415,7342,-1
415,7343,-1
415,7344,-1
415,7345,-1
415,7346,-1
415,4910,-1
415,7347,-1
415,7348,-1
415,7349,-1
415,7350,-1
415,7351,-1
415,7352,-1
415,7353,-1
415,7354,-1
415,3282,-1
415,7355,-1
415,7356,-1
415,7357,-1
415,7358,-1
415,7359,-1
415,7360,-1
415,7361,-1
415,7362,-1
415,7363,-1
415,7364,-1
415,7365,-1
415,7366,-1
415,7367,-1
415,1810,-1
415,2283,-1
416,7368,4
416,1748,4
416,1924,4
416,7369,4
416,7370,4
416,7371,4
416,1946,4
416,7372,4
416,7373,4
416,7374,4
416,7375,4
416,7376,4
416,4430,4
416,7377,4
416,7378,4
416,7379,4
416,239,4
416,7380,4
416,7381,4
416,7382,4
416,7383,4
416,7384,4
416,1251,4
416,7385,4
416,579,4
416,5219,4
416,643,4
416,7386,4
416,7387,4
416,7388,4
416,651,4
417,7389,1
417,3996,1
417,434,1
417,7390,1
417,3332,1
417,800,1
417,405,1
417,7391,1
417,7392,1
417,5397,1
417,7393,1
417,7394,1
417,7395,1
417,4147,1
417,7396,1
417,3428,1
417,7397,1
417,7398,1
417,7399,1
417,5384,1
417,7400,1
417,7401,1
417,2427,1
417,7402,1
417,2614,1
417,7403,1
417,7404,1
417,5400,1
417,7405,1
418,7406,3
418,4821,3
418,7407,3
418,6741,3
418,7408,3
418,7409,3
418,7410,3
418,7411,3
418,847,3
418,7412,3
418,7413,3
418,7414,3
418,1417,3
418,7415,3
418,1322,3
418,7416,3
418,1410,3
418,1251,3
418,7417,3
418,7418,3
418,7419,3
418,2599,3
418,7420,3
418,7421,3
418,7422,3
418,2051,3
418,7423,3
418,7424,3
418,7425,3
418,7426,3
418,7427,3
418,7428,3
418,7429,3
418,7430,3
418,7431,3
418,7432,3
418,7433,3
418,7434,3
418,4932,3
418,7435,3
418,7436,3
418,7437,3
418,7438,3
418,7439,3
418,7440,3
418,7441,3
418,7442,3
418,677,3
418,2667,3
418,7443,3
418,4218,3
418,7444,3
418,7445,3
418,7446,3
418,7447,3
418,3012,3
418,7448,3
419,7449,-1
419,7450,-1
419,7451,-1
419,7452,-1
419,7453,-1
419,2958,-1
419,7454,-1
419,7455,-1
419,5285,-1
419,7456,-1
419,7457,-1
419,7458,-1
419,7459,-1
419,4043,-1
419,7460,-1
419,7461,-1
419,7462,-1
419,7463,-1
419,7464,-1
419,4768,-1
419,7465,-1
419,3159,-1
419,7466,-1
419,7467,-1
419,7468,-1
419,7469,-1
419,7470,-1
419,7471,-1
419,7472,-1
419,7473,-1
419,7474,-1
419,7475,-1
419,7476,-1
419,7477,-1
419,7478,-1
419,7479,-1
419,7480,-1
419,7481,-1
419,7482,-1
419,7483,-1
419,7484,-1
419,7485,-1
419,7486,-1
419,7487,-1
419,7488,-1
419,7489,-1
419,7490,-1
419,7491,-1
420,7492,2
420,7493,2
420,7494,2
420,7495,2
420,7496,2
420,7497,2
420,7498,2
420,7499,2
420,7500,2
420,7501,2
420,7502,2
420,7503,2
420,7504,2
421,7505,6
421,7506,6
421,7507,6
421,7508,6
421,7509,6
421,7510,6
421,7511,6
421,4949,6
421,7512,6
421,7513,6
421,7514,6
421,7515,6
421,7516,6
421,7517,6
421,7518,6
421,7519,6
421,7520,6
421,7521,6
421,7522,6
421,3990,6
421,7523,6
421,4696,6
422,7524,0
423,7525,-1
423,7526,-1
423,7527,-1
423,7528,-1
423,7529,-1
423,7530,-1
423,7531,-1
423,7532,-1
423,7533,-1
423,7534,-1
423,7535,-1
423,7536,-1
423,7537,-1
423,7538,-1
423,7539,-1
423,7540,-1
423,7541,-1
423,7542,-1
423,7543,-1
423,7544,-1
423,7545,-1
423,7546,-1
423,7547,-1
423,7548,-1
423,7549,-1
423,7550,-1
423,7551,-1
423,7552,-1
423,7553,-1
423,7554,-1
423,7555,-1
423,7556,-1
423,7557,-1
423,7558,-1
423,7559,-1
423,7560,-1
423,7561,-1
423,7562,-1
423,5797,-1
423,4789,-1
423,7563,-1
423,7564,-1
423,7565,-1
423,7566,-1
423,7567,-1
423,7568,-1
423,7569,-1
423,7570,-1
423,7571,-1
423,7572,-1
423,7573,-1
423,7574,-1
423,7575,-1
423,7576,-1
423,7577,-1
423,7578,-1
423,7579,-1
423,7580,-1
423,7581,-1
423,7582,-1
423,7583,-1
423,7584,-1
423,7585,-1
423,7586,-1
423,7587,-1
423,7588,-1
423,7589,-1
423,7590,-1
423,7591,-1
423,7592,-1
423,7593,-1
423,7594,-1
423,7595,-1
423,7596,-1
423,7597,-1
423,7598,-1
423,7599,-1
423,7600,-1
423,7601,-1
423,7602,-1
423,7603,-1
423,7604,-1
423,7605,-1
423,7606,-1
423,7607,-1
423,7608,-1
423,7609,-1
423,7610,-1
423,7611,-1
423,7612,-1
423,7613,-1
423,7614,-1
423,7615,-1
423,7616,-1
423,7617,-1
423,7618,-1
423,7619,-1
423,7620,-1
423,7621,-1
423,7622,-1
423,7623,-1
423,7624,-1
423,7625,-1
423,7626,-1
423,7627,-1
423,7628,-1
423,7629,-1
424,7630,2
424,7631,2
424,7632,2
425,2221,3
425,5384,3
425,7633,3
425,7634,3
425,7635,3
425,7636,3
425,7408,3
425,7637,3
425,7638,3
425,7639,3
425,7640,3
425,7641,3
425,7642,3
425,4056,3
425,7643,3
425,7644,3
425,4147,3
426,1425,-1
426,1421,-1
426,7645,-1
